Datum;Gewässer;Methode;Gattung;Art;Geschlecht;Anzahl;Fundort;Versetzen;Bearbeiter;Bemerkungen
05.03.2021;BL191;Zaun_Kessel;Triturus;carnifex;MAL;1;Kessel aussen;mitgenommen;Ramseier;
05.03.2021;BL198;Zaun_Kessel;Triturus;carnifex;JUV;4;Kessel aussen;mitgenommen;Ramseier;
05.03.2021;BL198;Zaun_Kessel;Triturus;carnifex;MAL;18;Kessel aussen;mitgenommen;Ramseier;
05.03.2021;BL198;Zaun_Kessel;Triturus;carnifex;FEM;18;Kessel aussen;mitgenommen;Ramseier;
05.03.2021;BL198;Zaun_Kessel;Triturus;carnifex;FEM;1;Kessel innen;mitgenommen;Ramseier;
06.03.2021;BL198;Zaun_Kessel;Triturus;carnifex;ADU;19;Kessel aussen;mitgenommen;Reissner;
06.03.2021;BL191;Zaun_Kessel;Triturus;carnifex;ADU;1;Kessel aussen;mitgenommen;Reissner;
06.03.2021;BL198;Zaun_Kessel;Triturus;carnifex;JUV;0;Kessel aussen;an Gewässer;Reissner;
07.03.2021;BL198;Zaun_Kessel;Triturus;carnifex;MAL;2;Kessel aussen;mitgenommen;Ramseier;
07.03.2021;BL198;Zaun_Kessel;Triturus;carnifex;JUV;0;Kessel aussen;NA;Ramseier;
07.03.2021;BL198;Zaun_Kessel;Triturus;carnifex;FEM;0;Kessel aussen;NA;Ramseier;
08.03.2021;BL198;Zaun_Kessel;Triturus;carnifex;ADU;5;Kessel aussen;mitgenommen;Reissner;
08.03.2021;BL198;Zaun_Kessel;Triturus;carnifex;JUV;0;Kessel aussen;NA;Reissner;
10.03.2021;BL198;Zaun_Kessel;Triturus;carnifex;MAL;1;Kessel aussen;mitgenommen;Ramseier;
10.03.2021;BL198;Zaun_Kessel;Triturus;carnifex;FEM;0;Kessel aussen;NA;Ramseier;
10.03.2021;BL198;Zaun_Kessel;Triturus;carnifex;JUV;0;Kessel aussen;NA;Ramseier;
11.03.2021;BL198;Zaun_Kessel;Triturus;carnifex;ADU;7;Kessel aussen;mitgenommen;Reissner;
11.03.2021;BL198;Zaun_Kessel;Triturus;carnifex;JUV;0;Kessel aussen;NA;Reissner;
12.03.2021;BL198;Zaun_Kessel;Triturus;carnifex;ADU;76;Kessel aussen;mitgenommen;Reissner, Ramseier;
12.03.2021;BL196;Zaun_Kessel;Triturus;carnifex;ADU;71;Kessel aussen;mitgenommen;Reissner, Ramseier;
12.03.2021;BL191;Zaun_Kessel;Triturus;carnifex;JUV;1;Kessel aussen;mitgenommen;Reissner, Ramseier;
12.03.2021;BL191;Zaun_Kessel;Triturus;carnifex;FEM;2;Kessel aussen;mitgenommen;Reissner, Ramseier;
12.03.2021;BL198;Zaun_Kessel;Triturus;carnifex;JUV;5;Kessel aussen;mitgenommen;Reissner, Ramseier;
12.03.2021;BL196;Zaun_Kessel;Triturus;carnifex;JUV;0;Kessel aussen;NA;Reissner, Ramseier;
12.03.2021;BL198;Zaun_Kessel;Triturus;carnifex;FEM;0;Kessel aussen;NA;Reissner, Ramseier;
13.03.2021;BL191;Zaun_Kessel;Triturus;carnifex;FEM;1;Kessel aussen;mitgenommen;Ramseier;
13.03.2021;BL196;Zaun_Kessel;Triturus;carnifex;JUV;2;Kessel aussen;mitgenommen;Ramseier;
13.03.2021;BL196;Zaun_Kessel;Triturus;carnifex;MAL;8;Kessel aussen;mitgenommen;Ramseier;
13.03.2021;BL198;Zaun_Kessel;Triturus;carnifex;JUV;9;Kessel aussen;mitgenommen;Ramseier;
13.03.2021;BL198;Zaun_Kessel;Triturus;carnifex;MAL;16;Kessel aussen;mitgenommen;Ramseier;
13.03.2021;BL196;Zaun_Kessel;Triturus;carnifex;FEM;19;Kessel aussen;mitgenommen;Ramseier;
13.03.2021;BL198;Zaun_Kessel;Triturus;carnifex;FEM;22;Kessel aussen;mitgenommen;Ramseier;
14.03.2021;BL195s;Zaun_Kessel;Triturus;carnifex;FEM;1;Kessel aussen;mitgenommen;Reissner;Brett aussen
14.03.2021;BL195s;Zaun_Kessel;Triturus;carnifex;JUV;1;Kessel aussen;mitgenommen;Reissner;Brett aussen
14.03.2021;BL191;Zaun_Kessel;Triturus;carnifex;FEM;1;Kessel aussen;mitgenommen;Reissner;
14.03.2021;BL191;Zaun_Kessel;Triturus;carnifex;JUV;1;Kessel aussen;mitgenommen;Reissner;
14.03.2021;BL198;Zaun_Kessel;Triturus;carnifex;MAL;2;Kessel aussen;mitgenommen;Reissner;
14.03.2021;BL196;Zaun_Kessel;Triturus;carnifex;MAL;2;Kessel aussen;mitgenommen;Reissner;
14.03.2021;BL196;Zaun_Kessel;Triturus;carnifex;FEM;5;Kessel aussen;mitgenommen;Reissner;
14.03.2021;BL198;Zaun_Kessel;Triturus;carnifex;FEM;7;Kessel aussen;mitgenommen;Reissner;
14.03.2021;BL196;Zaun_Kessel;Triturus;carnifex;JUV;0;Kessel aussen;NA;Reissner;
14.03.2021;BL198;Zaun_Kessel;Triturus;carnifex;JUV;0;Kessel aussen;NA;Reissner;
15.03.2021;BL196;Zaun_Kessel;Triturus;carnifex;JUV;1;Kessel aussen;mitgenommen;Ramseier;
15.03.2021;BL191;Zaun_Kessel;Triturus;carnifex;FEM;1;Kessel aussen;mitgenommen;Ramseier;
15.03.2021;BL198;Zaun_Kessel;Triturus;carnifex;MAL;2;Kessel aussen;mitgenommen;Ramseier;
15.03.2021;BL196;Zaun_Kessel;Triturus;carnifex;FEM;3;Kessel aussen;mitgenommen;Ramseier;
15.03.2021;BL198;Zaun_Kessel;Triturus;carnifex;FEM;5;Kessel aussen;mitgenommen;Ramseier;
15.03.2021;BL196;Zaun_Kessel;Triturus;carnifex;MAL;0;Kessel aussen;NA;Ramseier;
15.03.2021;BL198;Zaun_Kessel;Triturus;carnifex;JUV;0;Kessel aussen;NA;Ramseier;
16.03.2021;BL191;Zaun_Kessel;Triturus;carnifex;FEM;1;Kessel aussen;mitgenommen;Reissner, CS;
16.03.2021;BL196;Zaun_Kessel;Triturus;carnifex;MAL;1;Kessel aussen;mitgenommen;Reissner, CS;
16.03.2021;BL198;Zaun_Kessel;Triturus;carnifex;MAL;2;Kessel aussen;mitgenommen;Reissner, CS;
16.03.2021;BL198;Zaun_Kessel;Triturus;carnifex;FEM;2;Kessel aussen;mitgenommen;Reissner, CS;
16.03.2021;BL198;Zaun_Kessel;Triturus;carnifex;JUV;0;Kessel aussen;NA;Reissner, CS;
16.03.2021;BL196;Zaun_Kessel;Triturus;carnifex;FEM;0;Kessel aussen;NA;Reissner, CS;
16.03.2021;BL196;Zaun_Kessel;Triturus;carnifex;JUV;0;Kessel aussen;NA;Reissner, CS;
17.03.2021;BL196;Zaun_Kessel;Triturus;carnifex;MAL;1;Kessel aussen;mitgenommen;Reissner;
17.03.2021;BL198;Zaun_Kessel;Triturus;carnifex;MAL;2;Kessel aussen;mitgenommen;Reissner;
17.03.2021;BL198;Zaun_Kessel;Triturus;carnifex;FEM;2;Kessel aussen;mitgenommen;Reissner;
17.03.2021;BL196;Zaun_Kessel;Triturus;carnifex;FEM;2;Kessel aussen;mitgenommen;Reissner;
17.03.2021;BL198;Zaun_Kessel;Triturus;carnifex;JUV;0;Kessel aussen;NA;Reissner;
17.03.2021;BL196;Zaun_Kessel;Triturus;carnifex;JUV;0;Kessel aussen;NA;Reissner;
18.03.2021;BL198;Zaun_Kessel;Triturus;carnifex;MAL;0;Kessel aussen;NA;Ramseier, Moser;
18.03.2021;BL198;Zaun_Kessel;Triturus;carnifex;FEM;0;Kessel aussen;NA;Ramseier, Moser;
18.03.2021;BL198;Zaun_Kessel;Triturus;carnifex;JUV;0;Kessel aussen;NA;Ramseier, Moser;
18.03.2021;BL196;Zaun_Kessel;Triturus;carnifex;MAL;0;Kessel aussen;NA;Ramseier, Moser;
18.03.2021;BL196;Zaun_Kessel;Triturus;carnifex;FEM;0;Kessel aussen;NA;Ramseier, Moser;
18.03.2021;BL196;Zaun_Kessel;Triturus;carnifex;JUV;0;Kessel aussen;NA;Ramseier, Moser;
19.03.2021;BL198;Zaun_Kessel;Triturus;carnifex;FEM;1;Kessel aussen;mitgenommen;Ramseier, Studer, Franke;
19.03.2021;BL198;Zaun_Kessel;Triturus;carnifex;JUV;1;Kessel aussen;mitgenommen;Ramseier, Studer, Franke;
19.03.2021;BL198;Zaun_Kessel;Triturus;carnifex;MAL;0;Kessel aussen;NA;Ramseier, Studer, Franke;
24.03.2021;BL196;Zaun_Kessel;Triturus;carnifex;MAL;1;Kessel aussen;mitgenommen;Studer;
24.03.2021;BL196;Zaun_Kessel;Triturus;carnifex;FEM;0;Kessel aussen;NA;Studer;
24.03.2021;BL196;Zaun_Kessel;Triturus;carnifex;JUV;0;Kessel aussen;NA;Studer;
24.03.2021;BL198;Zaun_Kessel;Triturus;carnifex;MAL;0;Kessel aussen;NA;Studer;
24.03.2021;BL198;Zaun_Kessel;Triturus;carnifex;FEM;0;Kessel aussen;NA;Studer;
24.03.2021;BL198;Zaun_Kessel;Triturus;carnifex;JUV;0;Kessel aussen;NA;Studer;
25.03.2021;BL198;Zaun_Kessel;Triturus;carnifex;MAL;1;Kessel aussen;mitgenommen;Reissner;
25.03.2021;BL196;Zaun_Kessel;Triturus;carnifex;MAL;1;Kessel aussen;mitgenommen;Reissner;
25.03.2021;BL196;Zaun_Kessel;Triturus;carnifex;JUV;1;Kessel aussen;mitgenommen;Reissner;
25.03.2021;BL198;Zaun_Kessel;Triturus;carnifex;FEM;0;Kessel aussen;NA;Reissner;
25.03.2021;BL198;Zaun_Kessel;Triturus;carnifex;JUV;0;Kessel aussen;NA;Reissner;
25.03.2021;BL196;Zaun_Kessel;Triturus;carnifex;FEM;0;Kessel aussen;NA;Reissner;
26.03.2021;BL196;Zaun_Kessel;Triturus;carnifex;JUV;1;Kessel aussen;mitgenommen;Franke;
26.03.2021;BL198;Zaun_Kessel;Triturus;carnifex;MAL;1;Kessel aussen;mitgenommen;Franke;
26.03.2021;BL196;Zaun_Kessel;Triturus;carnifex;FEM;3;Kessel aussen;mitgenommen;Franke;
26.03.2021;BL191;Zaun_Kessel;Triturus;carnifex;MAL;4;Kessel aussen;mitgenommen;Franke;
26.03.2021;BL196;Zaun_Kessel;Triturus;carnifex;MAL;4;Kessel aussen;mitgenommen;Franke;
26.03.2021;BL198;Zaun_Kessel;Triturus;carnifex;FEM;0;Kessel aussen;NA;Franke;
26.03.2021;BL198;Zaun_Kessel;Triturus;carnifex;JUV;0;Kessel aussen;NA;Franke;
27.03.2021;BL191;Zaun_Kessel;Triturus;carnifex;MAL;2;Kessel aussen;mitgenommen;Ramseier, Schmidt;
27.03.2021;BL198;Zaun_Kessel;Triturus;carnifex;JUV;3;Kessel aussen;mitgenommen;Ramseier, Schmidt;
27.03.2021;BL191;Zaun_Kessel;Triturus;carnifex;JUV;4;Kessel aussen;mitgenommen;Ramseier, Schmidt;
27.03.2021;BL196;Zaun_Kessel;Triturus;carnifex;JUV;5;Kessel aussen;mitgenommen;Ramseier, Schmidt;
27.03.2021;BL191;Zaun_Kessel;Triturus;carnifex;FEM;7;Kessel aussen;mitgenommen;Ramseier, Schmidt;
27.03.2021;BL196;Zaun_Kessel;Triturus;carnifex;MAL;10;Kessel aussen;mitgenommen;Ramseier, Schmidt;
27.03.2021;BL198;Zaun_Kessel;Triturus;carnifex;MAL;10;Kessel aussen;mitgenommen;Ramseier, Schmidt;
27.03.2021;BL196;Zaun_Kessel;Triturus;carnifex;FEM;17;Kessel aussen;mitgenommen;Ramseier, Schmidt;
27.03.2021;BL198;Zaun_Kessel;Triturus;carnifex;FEM;17;Kessel aussen;mitgenommen;Ramseier, Schmidt;
28.03.2021;BL198;Zaun_Kessel;Triturus;carnifex;FEM;1;Kessel aussen;mitgenommen;Reissner;
28.03.2021;BL196;Zaun_Kessel;Triturus;carnifex;FEM;2;Kessel aussen;mitgenommen;Reissner;
28.03.2021;BL198;Zaun_Kessel;Triturus;carnifex;MAL;2;Kessel aussen;mitgenommen;Reissner;
28.03.2021;BL198;Zaun_Kessel;Triturus;carnifex;JUV;2;Kessel aussen;mitgenommen;Reissner;
28.03.2021;BL196;Zaun_Kessel;Triturus;carnifex;MAL;0;Kessel aussen;NA;Reissner;
28.03.2021;BL196;Zaun_Kessel;Triturus;carnifex;JUV;0;Kessel aussen;NA;Reissner;
28.03.2021;BL191;Zaun_Kessel;Triturus;carnifex;MAL;0;Kessel aussen;NA;Reissner;
28.03.2021;BL191;Zaun_Kessel;Triturus;carnifex;FEM;0;Kessel aussen;NA;Reissner;
28.03.2021;BL191;Zaun_Kessel;Triturus;carnifex;JUV;0;Kessel aussen;NA;Reissner;
29.03.2021;BL196;Zaun_Kessel;Triturus;carnifex;MAL;1;Kessel aussen;mitgenommen;Stickelberger;
29.03.2021;BL191;Zaun_Kessel;Triturus;carnifex;JUV;1;Kessel aussen;mitgenommen;Stickelberger;
29.03.2021;BL191;Zaun_Kessel;Triturus;carnifex;FEM;2;Kessel aussen;mitgenommen;Stickelberger;
29.03.2021;BL198;Zaun_Kessel;Triturus;carnifex;MAL;2;Kessel aussen;mitgenommen;Stickelberger;
29.03.2021;BL198;Zaun_Kessel;Triturus;carnifex;FEM;2;Kessel aussen;mitgenommen;Stickelberger;
29.03.2021;BL198;Zaun_Kessel;Triturus;carnifex;JUV;2;Kessel aussen;mitgenommen;Stickelberger;
29.03.2021;BL196;Zaun_Kessel;Triturus;carnifex;FEM;6;Kessel aussen;mitgenommen;Stickelberger;
29.03.2021;BL191;Zaun_Kessel;Triturus;carnifex;MAL;0;Kessel aussen;NA;Stickelberger;
29.03.2021;BL196;Zaun_Kessel;Triturus;carnifex;JUV;0;Kessel aussen;NA;Stickelberger;
30.03.2021;BL198;Zaun_Kessel;Triturus;carnifex;MAL;1;Kessel aussen;mitgenommen;Studer;
30.03.2021;BL198;Zaun_Kessel;Triturus;carnifex;JUV;1;Kessel aussen;mitgenommen;Studer;
30.03.2021;BL196;Zaun_Kessel;Triturus;carnifex;JUV;1;Kessel aussen;mitgenommen;Studer;
30.03.2021;BL191;Zaun_Kessel;Triturus;carnifex;FEM;2;Kessel aussen;mitgenommen;Studer;
30.03.2021;BL198;Zaun_Kessel;Triturus;carnifex;FEM;2;Kessel aussen;mitgenommen;Studer;
30.03.2021;BL196;Zaun_Kessel;Triturus;carnifex;FEM;5;Kessel aussen;mitgenommen;Studer;
30.03.2021;BL196;Zaun_Kessel;Triturus;carnifex;MAL;6;Kessel aussen;mitgenommen;Studer;
30.03.2021;BL191;Zaun_Kessel;Triturus;carnifex;MAL;0;Kessel aussen;NA;Studer;
30.03.2021;BL191;Zaun_Kessel;Triturus;carnifex;JUV;0;Kessel aussen;NA;Studer;
31.03.2021;BL191;Zaun_Kessel;Triturus;carnifex;FEM;1;Kessel aussen;mitgenommen;Studer;
31.03.2021;BL198;Zaun_Kessel;Triturus;carnifex;JUV;1;Kessel aussen;mitgenommen;Studer;
31.03.2021;BL196;Zaun_Kessel;Triturus;carnifex;JUV;1;Kessel aussen;mitgenommen;Studer;
31.03.2021;BL198;Zaun_Kessel;Triturus;carnifex;MAL;2;Kessel aussen;mitgenommen;Studer;
31.03.2021;BL196;Zaun_Kessel;Triturus;carnifex;MAL;2;Kessel aussen;mitgenommen;Studer;
31.03.2021;BL196;Zaun_Kessel;Triturus;carnifex;FEM;6;Kessel aussen;mitgenommen;Studer;
31.03.2021;BL198;Zaun_Kessel;Triturus;carnifex;FEM;8;Kessel aussen;mitgenommen;Studer;
31.03.2021;BL191;Zaun_Kessel;Triturus;carnifex;MAL;0;Kessel aussen;NA;Studer;
31.03.2021;BL191;Zaun_Kessel;Triturus;carnifex;JUV;0;Kessel aussen;NA;Studer;
01.04.2021;BL197;Zaun_Kessel;Triturus;carnifex;FEM;1;Kessel aussen;mitgenommen;Reissner;
01.04.2021;BL191;Zaun_Kessel;Triturus;carnifex;FEM;2;Kessel aussen;mitgenommen;Reissner;
01.04.2021;BL191;Zaun_Kessel;Triturus;carnifex;MAL;3;Kessel aussen;mitgenommen;Reissner;
01.04.2021;BL198;Zaun_Kessel;Triturus;carnifex;FEM;3;Kessel aussen;mitgenommen;Reissner;
01.04.2021;BL198;Zaun_Kessel;Triturus;carnifex;MAL;4;Kessel aussen;mitgenommen;Reissner;
01.04.2021;BL198;Zaun_Kessel;Triturus;carnifex;JUV;4;Kessel aussen;mitgenommen;Reissner;
01.04.2021;BL196;Zaun_Kessel;Triturus;carnifex;JUV;4;Kessel aussen;mitgenommen;Reissner;
01.04.2021;BL196;Zaun_Kessel;Triturus;carnifex;MAL;5;Kessel aussen;mitgenommen;Reissner;
01.04.2021;BL196;Zaun_Kessel;Triturus;carnifex;FEM;11;Kessel aussen;mitgenommen;Reissner;
01.04.2021;BL197;Zaun_Kessel;Triturus;carnifex;MAL;0;Kessel aussen;NA;Reissner;
01.04.2021;BL197;Zaun_Kessel;Triturus;carnifex;JUV;0;Kessel aussen;NA;Reissner;
01.04.2021;BL191;Zaun_Kessel;Triturus;carnifex;JUV;0;Kessel aussen;NA;Reissner;
02.04.2021;BL191;Zaun_Kessel;Triturus;carnifex;FEM;1;Kessel aussen;mitgenommen;Ramseier, Schmidt;
02.04.2021;BL191;Zaun_Kessel;Triturus;carnifex;JUV;1;Kessel aussen;mitgenommen;Ramseier, Schmidt;
02.04.2021;BL198;Zaun_Kessel;Triturus;carnifex;JUV;1;Kessel aussen;mitgenommen;Ramseier, Schmidt;
02.04.2021;BL196;Zaun_Kessel;Triturus;carnifex;MAL;1;Kessel aussen;mitgenommen;Ramseier, Schmidt;
02.04.2021;BL196;Zaun_Kessel;Triturus;carnifex;FEM;4;Kessel aussen;mitgenommen;Ramseier, Schmidt;
02.04.2021;BL198;Zaun_Kessel;Triturus;carnifex;FEM;6;Kessel aussen;mitgenommen;Ramseier, Schmidt;
02.04.2021;BL196;Zaun_Kessel;Triturus;carnifex;JUV;8;Kessel aussen;mitgenommen;Ramseier, Schmidt;
02.04.2021;BL191;Zaun_Kessel;Triturus;carnifex;MAL;0;Kessel aussen;NA;Ramseier, Schmidt;
02.04.2021;BL198;Zaun_Kessel;Triturus;carnifex;MAL;0;Kessel aussen;NA;Ramseier, Schmidt;
02.04.2021;BL191;Zaun_Kessel;Triturus;carnifex;MAL;0;Kessel aussen;NA;Ramseier, Schmidt;
03.04.2021;BL196;Zaun_Kessel;Triturus;carnifex;MAL;1;Kessel aussen;mitgenommen;Ramseier, Schmidt;
03.04.2021;BL196;Zaun_Kessel;Triturus;carnifex;FEM;3;Kessel aussen;mitgenommen;Ramseier, Schmidt;
03.04.2021;BL198;Zaun_Kessel;Triturus;carnifex;FEM;8;Kessel aussen;mitgenommen;Ramseier, Schmidt;
03.04.2021;BL198;Zaun_Kessel;Triturus;carnifex;JUV;1;Kessel aussen;mitgenommen;Ramseier, Schmidt;
03.04.2021;BL191;Zaun_Kessel;Triturus;carnifex;MAL;0;Kessel aussen;NA;Ramseier, Schmidt;
03.04.2021;BL191;Zaun_Kessel;Triturus;carnifex;FEM;0;Kessel aussen;NA;Ramseier, Schmidt;
03.04.2021;BL191;Zaun_Kessel;Triturus;carnifex;JUV;0;Kessel aussen;NA;Ramseier, Schmidt;
03.04.2021;BL198;Zaun_Kessel;Triturus;carnifex;MAL;0;Kessel aussen;NA;Ramseier, Schmidt;
03.04.2021;BL196;Zaun_Kessel;Triturus;carnifex;JUV;0;Kessel aussen;NA;Ramseier, Schmidt;
04.04.2021;BL198;Zaun_Kessel;Triturus;carnifex;MAL;0;Kessel aussen;NA;Reissner;
04.04.2021;BL198;Zaun_Kessel;Triturus;carnifex;FEM;0;Kessel aussen;NA;Reissner;
04.04.2021;BL198;Zaun_Kessel;Triturus;carnifex;JUV;0;Kessel aussen;NA;Reissner;
04.04.2021;BL196;Zaun_Kessel;Triturus;carnifex;MAL;0;Kessel aussen;NA;Reissner;
04.04.2021;BL196;Zaun_Kessel;Triturus;carnifex;FEM;0;Kessel aussen;NA;Reissner;
04.04.2021;BL196;Zaun_Kessel;Triturus;carnifex;JUV;0;Kessel aussen;NA;Reissner;
05.04.2021;BL198;Zaun_Kessel;Triturus;carnifex;MAL;0;Kessel aussen;NA;Stickelberger;
05.04.2021;BL198;Zaun_Kessel;Triturus;carnifex;FEM;0;Kessel aussen;NA;Stickelberger;
05.04.2021;BL198;Zaun_Kessel;Triturus;carnifex;JUV;0;Kessel aussen;NA;Stickelberger;
06.04.2021;BL191;Zaun_Kessel;Triturus;carnifex;FEM;1;Kessel aussen;mitgenommen;Ramseier;
06.04.2021;BL198;Zaun_Kessel;Triturus;carnifex;FEM;1;Kessel aussen;mitgenommen;Ramseier;
06.04.2021;BL191;Zaun_Kessel;Triturus;carnifex;MAL;0;Kessel aussen;NA;Ramseier;
06.04.2021;BL191;Zaun_Kessel;Triturus;carnifex;JUV;0;Kessel aussen;NA;Ramseier;
06.04.2021;BL198;Zaun_Kessel;Triturus;carnifex;MAL;0;Kessel aussen;NA;Ramseier;
06.04.2021;BL198;Zaun_Kessel;Triturus;carnifex;JUV;0;Kessel aussen;NA;Ramseier;
06.04.2021;BL196;Zaun_Kessel;Triturus;carnifex;MAL;0;Kessel aussen;NA;Ramseier;
06.04.2021;BL196;Zaun_Kessel;Triturus;carnifex;FEM;0;Kessel aussen;NA;Ramseier;
06.04.2021;BL196;Zaun_Kessel;Triturus;carnifex;JUV;0;Kessel aussen;NA;Ramseier;
06.04.2021;BL198;Zaun_Kessel;Triturus;carnifex;FEM;1;Kessel innen;mitgenommen;Ramseier;
06.04.2021;BL198;Zaun_Kessel;Triturus;carnifex;JUV;1;Kessel innen;mitgenommen;Ramseier;
06.04.2021;BL196;Zaun_Kessel;Triturus;carnifex;FEM;1;Kessel innen;mitgenommen;Ramseier;
06.04.2021;BL196;Zaun_Kessel;Triturus;carnifex;MAL;1;Kessel innen;mitgenommen;Ramseier;
07.04.2021;BL191;Zaun_Kessel;Triturus;carnifex;MAL;0;Kessel aussen;NA;Studer;
07.04.2021;BL191;Zaun_Kessel;Triturus;carnifex;FEM;0;Kessel aussen;NA;Studer;
07.04.2021;BL191;Zaun_Kessel;Triturus;carnifex;JUV;0;Kessel aussen;NA;Studer;
07.04.2021;BL198;Zaun_Kessel;Triturus;carnifex;MAL;0;Kessel aussen;NA;Studer;
07.04.2021;BL198;Zaun_Kessel;Triturus;carnifex;FEM;0;Kessel aussen;NA;Studer;
07.04.2021;BL198;Zaun_Kessel;Triturus;carnifex;JUV;0;Kessel aussen;NA;Studer;
07.04.2021;BL196;Zaun_Kessel;Triturus;carnifex;MAL;0;Kessel aussen;NA;Studer;
07.04.2021;BL196;Zaun_Kessel;Triturus;carnifex;FEM;0;Kessel aussen;NA;Studer;
07.04.2021;BL196;Zaun_Kessel;Triturus;carnifex;JUV;0;Kessel aussen;NA;Studer;
08.04.2021;BL191;Zaun_Kessel;Triturus;carnifex;MAL;0;Kessel aussen;NA;Ramseier;
08.04.2021;BL191;Zaun_Kessel;Triturus;carnifex;FEM;0;Kessel aussen;NA;Ramseier;
08.04.2021;BL191;Zaun_Kessel;Triturus;carnifex;JUV;0;Kessel aussen;NA;Ramseier;
08.04.2021;BL191;Zaun_Kessel;Triturus;carnifex;MAL;0;Kessel aussen;NA;Ramseier;
08.04.2021;BL191;Zaun_Kessel;Triturus;carnifex;FEM;0;Kessel aussen;NA;Ramseier;
08.04.2021;BL198;Zaun_Kessel;Triturus;carnifex;MAL;0;Kessel aussen;NA;Ramseier;
08.04.2021;BL198;Zaun_Kessel;Triturus;carnifex;FEM;0;Kessel aussen;NA;Ramseier;
08.04.2021;BL198;Zaun_Kessel;Triturus;carnifex;JUV;0;Kessel aussen;NA;Ramseier;
08.04.2021;BL191;Zaun_Kessel;Triturus;carnifex;JUV;0;Kessel aussen;NA;Ramseier;
08.04.2021;BL196;Zaun_Kessel;Triturus;carnifex;MAL;0;Kessel aussen;NA;Ramseier;
08.04.2021;BL196;Zaun_Kessel;Triturus;carnifex;FEM;0;Kessel aussen;NA;Ramseier;
08.04.2021;BL196;Zaun_Kessel;Triturus;carnifex;JUV;0;Kessel aussen;NA;Ramseier;
08.04.2021;BL196;Zaun_Kessel;Triturus;carnifex;MAL;0;Kessel aussen;NA;Ramseier;
08.04.2021;BL196;Zaun_Kessel;Triturus;carnifex;FEM;0;Kessel aussen;NA;Ramseier;
08.04.2021;BL196;Zaun_Kessel;Triturus;carnifex;JUV;0;Kessel aussen;NA;Ramseier;
09.04.2021;BL198;Zaun_Kessel;Triturus;carnifex;MAL;0;Kessel aussen;NA;Ramseier;
09.04.2021;BL198;Zaun_Kessel;Triturus;carnifex;FEM;0;Kessel aussen;NA;Ramseier;
09.04.2021;BL198;Zaun_Kessel;Triturus;carnifex;JUV;0;Kessel aussen;NA;Ramseier;
09.04.2021;BL191;Zaun_Kessel;Triturus;carnifex;MAL;0;Kessel aussen;NA;Ramseier;
09.04.2021;BL191;Zaun_Kessel;Triturus;carnifex;FEM;0;Kessel aussen;NA;Ramseier;
09.04.2021;BL191;Zaun_Kessel;Triturus;carnifex;JUV;0;Kessel aussen;NA;Ramseier;
09.04.2021;BL196;Zaun_Kessel;Triturus;carnifex;MAL;0;Kessel aussen;NA;Ramseier;
09.04.2021;BL196;Zaun_Kessel;Triturus;carnifex;FEM;0;Kessel aussen;NA;Ramseier;
09.04.2021;BL196;Zaun_Kessel;Triturus;carnifex;JUV;0;Kessel aussen;NA;Ramseier;
09.04.2021;BL195s;Zaun_Kessel;Triturus;carnifex;MAL;0;Kessel innen;NA;Ramseier;
09.04.2021;BL195s;Zaun_Kessel;Triturus;carnifex;FEM;0;Kessel innen;NA;Ramseier;
09.04.2021;BL195s;Zaun_Kessel;Triturus;carnifex;JUV;0;Kessel innen;NA;Ramseier;
10.04.2021;BL197;Zaun_Kessel;Triturus;carnifex;JUV;1;Kessel aussen;mitgenommen;Reissner;
10.04.2021;BL197;Zaun_Kessel;Triturus;carnifex;MAL;0;Kessel aussen;NA;Reissner;
10.04.2021;BL197;Zaun_Kessel;Triturus;carnifex;FEM;0;Kessel aussen;NA;Reissner;
10.04.2021;BL198;Zaun_Kessel;Triturus;carnifex;MAL;0;Kessel aussen;NA;Reissner;
10.04.2021;BL198;Zaun_Kessel;Triturus;carnifex;FEM;0;Kessel aussen;NA;Reissner;
10.04.2021;BL198;Zaun_Kessel;Triturus;carnifex;JUV;0;Kessel aussen;NA;Reissner;
10.04.2021;BL191;Zaun_Kessel;Triturus;carnifex;MAL;0;Kessel aussen;NA;Reissner;
10.04.2021;BL191;Zaun_Kessel;Triturus;carnifex;FEM;0;Kessel aussen;NA;Reissner;
10.04.2021;BL191;Zaun_Kessel;Triturus;carnifex;JUV;0;Kessel aussen;NA;Reissner;
10.04.2021;BL195s;Zaun_Kessel;Triturus;carnifex;MAL;0;Kessel innen;NA;Reissner;
10.04.2021;BL195s;Zaun_Kessel;Triturus;carnifex;FEM;0;Kessel innen;NA;Reissner;
10.04.2021;BL195s;Zaun_Kessel;Triturus;carnifex;JUV;0;Kessel innen;NA;Reissner;
11.04.2021;BL198;Zaun_Kessel;Triturus;carnifex;MAL;1;Kessel aussen;mitgenommen;Reissner;
11.04.2021;BL198;Zaun_Kessel;Triturus;carnifex;JUV;1;Kessel aussen;mitgenommen;Reissner;
11.04.2021;BL196;Zaun_Kessel;Triturus;carnifex;MAL;2;Kessel aussen;mitgenommen;Reissner;
11.04.2021;BL196;Zaun_Kessel;Triturus;carnifex;FEM;4;Kessel aussen;mitgenommen;Reissner;
11.04.2021;BL198;Zaun_Kessel;Triturus;carnifex;FEM;6;Kessel aussen;mitgenommen;Reissner;
11.04.2021;BL196;Zaun_Kessel;Triturus;carnifex;JUV;0;Kessel aussen;NA;Reissner;
11.04.2021;BL195s;Zaun_Kessel;Triturus;carnifex;MAL;0;Kessel innen;NA;Reissner;
11.04.2021;BL195s;Zaun_Kessel;Triturus;carnifex;FEM;0;Kessel innen;NA;Reissner;
11.04.2021;BL195s;Zaun_Kessel;Triturus;carnifex;JUV;0;Kessel innen;NA;Reissner;
12.04.2021;BL191;Zaun_Kessel;Triturus;carnifex;FEM;1;Kessel aussen;mitgenommen;Ramseier,Klima;
12.04.2021;BL196;Zaun_Kessel;Triturus;carnifex;JUV;2;Kessel aussen;mitgenommen;Ramseier,Schäffler,Klima;
12.04.2021;BL196;Zaun_Kessel;Triturus;carnifex;FEM;5;Kessel aussen;mitgenommen;Ramseier,Schäffler,Klima;
12.04.2021;BL198;Zaun_Kessel;Triturus;carnifex;FEM;4;Kessel aussen;mitgenommen;Ramseier,Klima;
12.04.2021;BL191;Zaun_Kessel;Triturus;carnifex;MAL;0;Kessel aussen;NA;Ramseier,Klima;
12.04.2021;BL191;Zaun_Kessel;Triturus;carnifex;JUV;0;Kessel aussen;NA;Ramseier,Klima;
12.04.2021;BL196;Zaun_Kessel;Triturus;carnifex;MAL;0;Kessel aussen;NA;Ramseier,Schäffler,Klima;
12.04.2021;BL198;Zaun_Kessel;Triturus;carnifex;MAL;0;Kessel aussen;NA;Ramseier,Klima;
12.04.2021;BL198;Zaun_Kessel;Triturus;carnifex;JUV;0;Kessel aussen;NA;Ramseier,Klima;
12.04.2021;BL198;Zaun_Kessel;Triturus;carnifex;FEM;1;Kessel innen;mitgenommen;Ramseier,Klima;
12.04.2021;BL195s;Zaun_Kessel;Triturus;carnifex;MAL;0;Kessel innen;NA;Ramseier,Klima;
12.04.2021;BL195s;Zaun_Kessel;Triturus;carnifex;FEM;0;Kessel innen;NA;Ramseier,Klima;
12.04.2021;BL195s;Zaun_Kessel;Triturus;carnifex;JUV;0;Kessel innen;NA;Ramseier,Klima;
13.04.2021;BL196;Zaun_Kessel;Triturus;carnifex;JUV;1;Kessel aussen;mitgenommen;Schäffler, Ramseier;
13.04.2021;BL198;Zaun_Kessel;Triturus;carnifex;FEM;2;Kessel aussen;mitgenommen;Schäffler, Ramseier;
13.04.2021;BL191;Zaun_Kessel;Triturus;carnifex;MAL;0;Kessel aussen;NA;Schäffler, Ramseier;
13.04.2021;BL198;Zaun_Kessel;Triturus;carnifex;MAL;0;Kessel aussen;NA;Schäffler, Ramseier;
13.04.2021;BL198;Zaun_Kessel;Triturus;carnifex;JUV;0;Kessel aussen;NA;Schäffler, Ramseier;
13.04.2021;BL191;Zaun_Kessel;Triturus;carnifex;FEM;0;Kessel aussen;NA;Schäffler, Ramseier;
13.04.2021;BL191;Zaun_Kessel;Triturus;carnifex;JUV;0;Kessel aussen;NA;Schäffler, Ramseier;
13.04.2021;BL196;Zaun_Kessel;Triturus;carnifex;MAL;0;Kessel aussen;NA;Schäffler, Ramseier;
13.04.2021;BL196;Zaun_Kessel;Triturus;carnifex;FEM;0;Kessel aussen;NA;Schäffler, Ramseier;
13.04.2021;BL195s;Zaun_Kessel;Triturus;carnifex;MAL;0;Kessel innen;NA;Schäffler, Ramseier;
13.04.2021;BL195s;Zaun_Kessel;Triturus;carnifex;FEM;0;Kessel innen;NA;Schäffler, Ramseier;
13.04.2021;BL195s;Zaun_Kessel;Triturus;carnifex;JUV;0;Kessel innen;NA;Schäffler, Ramseier;
14.04.2021;BL191;Zaun_Kessel;Triturus;carnifex;MAL;0;Kessel aussen;NA;Schäffler;
14.04.2021;BL198;Zaun_Kessel;Triturus;carnifex;MAL;0;Kessel aussen;NA;Schäffler;
14.04.2021;BL198;Zaun_Kessel;Triturus;carnifex;FEM;0;Kessel aussen;NA;Schäffler;
14.04.2021;BL191;Zaun_Kessel;Triturus;carnifex;FEM;0;Kessel aussen;NA;Schäffler;
14.04.2021;BL191;Zaun_Kessel;Triturus;carnifex;JUV;0;Kessel aussen;NA;Schäffler;
14.04.2021;BL191;Zaun_Kessel;Triturus;carnifex;MAL;0;Kessel aussen;NA;Schäffler;
14.04.2021;BL198;Zaun_Kessel;Triturus;carnifex;JUV;0;Kessel aussen;NA;Schäffler;
14.04.2021;BL191;Zaun_Kessel;Triturus;carnifex;FEM;0;Kessel aussen;NA;Schäffler;
14.04.2021;BL191;Zaun_Kessel;Triturus;carnifex;JUV;0;Kessel aussen;NA;Schäffler;
14.04.2021;BL191;Zaun_Kessel;Triturus;carnifex;MAL;0;Kessel aussen;NA;Schäffler;
14.04.2021;BL191;Zaun_Kessel;Triturus;carnifex;FEM;0;Kessel aussen;NA;Schäffler;
14.04.2021;BL191;Zaun_Kessel;Triturus;carnifex;JUV;0;Kessel aussen;NA;Schäffler;
14.04.2021;BL196;Zaun_Kessel;Triturus;carnifex;MAL;0;Kessel aussen;NA;Schäffler;
14.04.2021;BL196;Zaun_Kessel;Triturus;carnifex;FEM;0;Kessel aussen;NA;Schäffler;
14.04.2021;BL196;Zaun_Kessel;Triturus;carnifex;JUV;0;Kessel aussen;NA;Schäffler;
15.04.2021;BL198;Zaun_Kessel;Triturus;carnifex;FEM;2;Kessel aussen;mitgenommen;Schäffler;
15.04.2021;BL196;Zaun_Kessel;Triturus;carnifex;FEM;2;Kessel aussen;mitgenommen;Schäffler;
15.04.2021;BL198;Zaun_Kessel;Triturus;carnifex;MAL;0;Kessel aussen;NA;Schäffler;
15.04.2021;BL198;Zaun_Kessel;Triturus;carnifex;JUV;0;Kessel aussen;NA;Schäffler;
15.04.2021;BL196;Zaun_Kessel;Triturus;carnifex;MAL;0;Kessel aussen;NA;Schäffler;
15.04.2021;BL191;Zaun_Kessel;Triturus;carnifex;MAL;0;Kessel aussen;NA;Schäffler;
15.04.2021;BL191;Zaun_Kessel;Triturus;carnifex;FEM;0;Kessel aussen;NA;Schäffler;
15.04.2021;BL191;Zaun_Kessel;Triturus;carnifex;JUV;0;Kessel aussen;NA;Schäffler;
15.04.2021;BL196;Zaun_Kessel;Triturus;carnifex;JUV;0;Kessel aussen;NA;Schäffler;
15.04.2021;BL195s;Zaun_Kessel;Triturus;carnifex;MAL;0;Kessel innen;NA;Schäffler;
15.04.2021;BL195s;Zaun_Kessel;Triturus;carnifex;FEM;0;Kessel innen;NA;Schäffler;
15.04.2021;BL195s;Zaun_Kessel;Triturus;carnifex;JUV;0;Kessel innen;NA;Schäffler;
17.04.2021;BL196;Zaun_Kessel;Triturus;carnifex;FEM;2;Kessel aussen;an Gewässer BL196;Klima;
17.04.2021;BL198;Zaun_Kessel;Triturus;carnifex;FEM;1;Kessel aussen;an Gewässer BL198;Klima;
17.04.2021;BL191;Zaun_Kessel;Triturus;carnifex;MAL;0;Kessel aussen;NA;Klima;
17.04.2021;BL191;Zaun_Kessel;Triturus;carnifex;FEM;0;Kessel aussen;NA;Klima;
17.04.2021;BL191;Zaun_Kessel;Triturus;carnifex;JUV;0;Kessel aussen;NA;Klima;
17.04.2021;BL198;Zaun_Kessel;Triturus;carnifex;MAL;0;Kessel aussen;NA;Klima;
17.04.2021;BL198;Zaun_Kessel;Triturus;carnifex;JUV;0;Kessel aussen;NA;Klima;
17.04.2021;BL196;Zaun_Kessel;Triturus;carnifex;MAL;0;Kessel aussen;NA;Klima;
17.04.2021;BL196;Zaun_Kessel;Triturus;carnifex;JUV;0;Kessel aussen;NA;Klima;
17.04.2021;BL195s;Zaun_Kessel;Triturus;carnifex;MAL;0;Kessel innen;NA;Klima;
17.04.2021;BL195s;Zaun_Kessel;Triturus;carnifex;FEM;0;Kessel innen;NA;Klima;
17.04.2021;BL195s;Zaun_Kessel;Triturus;carnifex;JUV;0;Kessel innen;NA;Klima;
18.04.2021;BL198;Zaun_Kessel;Triturus;carnifex;FEM;2;Kessel aussen;an Gewässer BL198;Klima;
18.04.2021;BL196;Zaun_Kessel;Triturus;carnifex;JUV;1;Kessel aussen;mitgenommen;Klima;
18.04.2021;BL196;Zaun_Kessel;Triturus;carnifex;FEM;2;Kessel aussen;mitgenommen;Klima;
18.04.2021;BL191;Zaun_Kessel;Triturus;carnifex;MAL;0;Kessel aussen;NA;Klima;
18.04.2021;BL191;Zaun_Kessel;Triturus;carnifex;FEM;0;Kessel aussen;NA;Klima;
18.04.2021;BL191;Zaun_Kessel;Triturus;carnifex;JUV;0;Kessel aussen;NA;Klima;
18.04.2021;BL198;Zaun_Kessel;Triturus;carnifex;MAL;0;Kessel aussen;NA;Klima;
18.04.2021;BL198;Zaun_Kessel;Triturus;carnifex;JUV;0;Kessel aussen;NA;Klima;
18.04.2021;BL196;Zaun_Kessel;Triturus;carnifex;MAL;0;Kessel aussen;NA;Klima;
18.04.2021;BL195s;Zaun_Kessel;Triturus;carnifex;MAL;0;Kessel innen;NA;Klima;
18.04.2021;BL195s;Zaun_Kessel;Triturus;carnifex;FEM;0;Kessel innen;NA;Klima;
18.04.2021;BL195s;Zaun_Kessel;Triturus;carnifex;JUV;0;Kessel innen;NA;Klima;
19.04.2021;BL198;Zaun_Kessel;Triturus;carnifex;MAL;2;Kessel aussen;mitgenommen;Schäffler;
19.04.2021;BL191;Zaun_Kessel;Triturus;carnifex;MAL;3;Kessel aussen;mitgenommen;Schäffler;
19.04.2021;BL191;Zaun_Kessel;Triturus;carnifex;FEM;0;Kessel aussen;NA;Schäffler;
19.04.2021;BL191;Zaun_Kessel;Triturus;carnifex;JUV;0;Kessel aussen;NA;Schäffler;
19.04.2021;BL196;Zaun_Kessel;Triturus;carnifex;MAL;0;Kessel aussen;NA;Schäffler;
19.04.2021;BL196;Zaun_Kessel;Triturus;carnifex;FEM;0;Kessel aussen;NA;Schäffler;
19.04.2021;BL196;Zaun_Kessel;Triturus;carnifex;JUV;0;Kessel aussen;NA;Schäffler;
19.04.2021;BL198;Zaun_Kessel;Triturus;carnifex;FEM;0;Kessel aussen;NA;Schäffler;
19.04.2021;BL198;Zaun_Kessel;Triturus;carnifex;JUV;0;Kessel aussen;NA;Schäffler;
19.04.2021;BL195s;Zaun_Kessel;Triturus;carnifex;MAL;0;Kessel innen;NA;Schäffler;
19.04.2021;BL195s;Zaun_Kessel;Triturus;carnifex;FEM;0;Kessel innen;NA;Schäffler;
19.04.2021;BL195s;Zaun_Kessel;Triturus;carnifex;JUV;0;Kessel innen;NA;Schäffler;
20.04.2021;BL198;Zaun_Kessel;Triturus;carnifex;ADU;7;Kessel aussen;mitgenommen;Ramseier;zusätzliche Kontrolle in der Nacht
20.04.2021;BL196;Zaun_Kessel;Triturus;carnifex;FEM;1;Kessel aussen;mitgenommen;Schäffler;
20.04.2021;BL198;Zaun_Kessel;Triturus;carnifex;MAL;1;Kessel aussen;mitgenommen;Schäffler;
20.04.2021;BL198;Zaun_Kessel;Triturus;carnifex;JUV;3;Kessel aussen;mitgenommen;Schäffler;
20.04.2021;BL191;Zaun_Kessel;Triturus;carnifex;MAL;0;Kessel aussen;NA;Schäffler;
20.04.2021;BL191;Zaun_Kessel;Triturus;carnifex;FEM;0;Kessel aussen;NA;Schäffler;
20.04.2021;BL191;Zaun_Kessel;Triturus;carnifex;JUV;0;Kessel aussen;NA;Schäffler;
20.04.2021;BL196;Zaun_Kessel;Triturus;carnifex;MAL;0;Kessel aussen;NA;Schäffler;
20.04.2021;BL196;Zaun_Kessel;Triturus;carnifex;JUV;0;Kessel aussen;NA;Schäffler;
20.04.2021;BL198;Zaun_Kessel;Triturus;carnifex;FEM;0;Kessel aussen;NA;Schäffler;
20.04.2021;BL195s;Zaun_Kessel;Triturus;carnifex;MAL;0;Kessel innen;NA;Schäffler;
20.04.2021;BL195s;Zaun_Kessel;Triturus;carnifex;FEM;0;Kessel innen;NA;Schäffler;
20.04.2021;BL195s;Zaun_Kessel;Triturus;carnifex;JUV;0;Kessel innen;NA;Schäffler;
21.04.2021;BL196;Zaun_Kessel;Triturus;carnifex;FEM;1;Kessel aussen;mitgenommen;Schäffler;
21.04.2021;BL191;Zaun_Kessel;Triturus;carnifex;FEM;2;Kessel aussen;mitgenommen;Schäffler;
21.04.2021;BL198;Zaun_Kessel;Triturus;carnifex;FEM;4;Kessel aussen;mitgenommen;Schäffler;
21.04.2021;BL191;Zaun_Kessel;Triturus;carnifex;MAL;0;Kessel aussen;NA;Schäffler;
21.04.2021;BL191;Zaun_Kessel;Triturus;carnifex;JUV;0;Kessel aussen;NA;Schäffler;
21.04.2021;BL198;Zaun_Kessel;Triturus;carnifex;MAL;0;Kessel aussen;NA;Schäffler;
21.04.2021;BL198;Zaun_Kessel;Triturus;carnifex;JUV;0;Kessel aussen;NA;Schäffler;
21.04.2021;BL196;Zaun_Kessel;Triturus;carnifex;MAL;0;Kessel aussen;NA;Schäffler;
21.04.2021;BL196;Zaun_Kessel;Triturus;carnifex;JUV;0;Kessel aussen;NA;Schäffler;
21.04.2021;BL195s;Zaun_Kessel;Triturus;carnifex;MAL;0;Kessel innen;NA;Schäffler;
21.04.2021;BL195s;Zaun_Kessel;Triturus;carnifex;FEM;0;Kessel innen;NA;Schäffler;
21.04.2021;BL195s;Zaun_Kessel;Triturus;carnifex;JUV;0;Kessel innen;NA;Schäffler;
22.04.2021;BL198;Zaun_Kessel;Triturus;carnifex;FEM;2;Kessel aussen;mitgenommen;Schäffler;
22.04.2021;BL191;Zaun_Kessel;Triturus;carnifex;MAL;0;Kessel aussen;NA;Schäffler;
22.04.2021;BL191;Zaun_Kessel;Triturus;carnifex;FEM;0;Kessel aussen;NA;Schäffler;
22.04.2021;BL191;Zaun_Kessel;Triturus;carnifex;JUV;0;Kessel aussen;NA;Schäffler;
22.04.2021;BL198;Zaun_Kessel;Triturus;carnifex;MAL;0;Kessel aussen;NA;Schäffler;
22.04.2021;BL198;Zaun_Kessel;Triturus;carnifex;JUV;0;Kessel aussen;NA;Schäffler;
22.04.2021;BL196;Zaun_Kessel;Triturus;carnifex;MAL;0;Kessel aussen;NA;Schäffler;
22.04.2021;BL196;Zaun_Kessel;Triturus;carnifex;FEM;0;Kessel aussen;NA;Schäffler;
22.04.2021;BL196;Zaun_Kessel;Triturus;carnifex;JUV;0;Kessel aussen;NA;Schäffler;
22.04.2021;BL195s;Zaun_Kessel;Triturus;carnifex;MAL;0;Kessel innen;NA;Schäffler;
22.04.2021;BL195s;Zaun_Kessel;Triturus;carnifex;FEM;0;Kessel innen;NA;Schäffler;
22.04.2021;BL195s;Zaun_Kessel;Triturus;carnifex;JUV;0;Kessel innen;NA;Schäffler;
23.04.2021;BL191;Zaun_Kessel;Triturus;carnifex;MAL;0;Kessel aussen;NA;Schäffler;
23.04.2021;BL191;Zaun_Kessel;Triturus;carnifex;FEM;0;Kessel aussen;NA;Schäffler;
23.04.2021;BL191;Zaun_Kessel;Triturus;carnifex;JUV;0;Kessel aussen;NA;Schäffler;
23.04.2021;BL198;Zaun_Kessel;Triturus;carnifex;MAL;0;Kessel aussen;NA;Schäffler;
23.04.2021;BL198;Zaun_Kessel;Triturus;carnifex;FEM;0;Kessel aussen;NA;Schäffler;
23.04.2021;BL198;Zaun_Kessel;Triturus;carnifex;JUV;0;Kessel aussen;NA;Schäffler;
23.04.2021;BL196;Zaun_Kessel;Triturus;carnifex;MAL;0;Kessel aussen;NA;Schäffler;
23.04.2021;BL196;Zaun_Kessel;Triturus;carnifex;FEM;0;Kessel aussen;NA;Schäffler;
23.04.2021;BL196;Zaun_Kessel;Triturus;carnifex;JUV;0;Kessel aussen;NA;Schäffler;
23.04.2021;BL195s;Zaun_Kessel;Triturus;carnifex;MAL;0;Kessel innen;NA;Schäffler;
23.04.2021;BL195s;Zaun_Kessel;Triturus;carnifex;FEM;0;Kessel innen;NA;Schäffler;
23.04.2021;BL195s;Zaun_Kessel;Triturus;carnifex;JUV;0;Kessel innen;NA;Schäffler;
24.04.2021;BL198;Zaun_Kessel;Triturus;carnifex;MAL;1;Kessel aussen;mitgenommen;Klima;
24.04.2021;BL196;Zaun_Kessel;Triturus;carnifex;MAL;1;Kessel aussen;mitgenommen;Klima;
24.04.2021;BL196;Zaun_Kessel;Triturus;carnifex;FEM;2;Kessel aussen;mitgenommen;Klima;
24.04.2021;BL198;Zaun_Kessel;Triturus;carnifex;FEM;0;Kessel aussen;NA;Klima;
24.04.2021;BL198;Zaun_Kessel;Triturus;carnifex;JUV;0;Kessel aussen;NA;Klima;
24.04.2021;BL191;Zaun_Kessel;Triturus;carnifex;MAL;0;Kessel aussen;NA;Klima;
24.04.2021;BL191;Zaun_Kessel;Triturus;carnifex;FEM;0;Kessel aussen;NA;Klima;
24.04.2021;BL191;Zaun_Kessel;Triturus;carnifex;JUV;0;Kessel aussen;NA;Klima;
24.04.2021;BL196;Zaun_Kessel;Triturus;carnifex;JUV;0;Kessel aussen;NA;Klima;
24.04.2021;BL195s;Zaun_Kessel;Triturus;carnifex;MAL;0;Kessel innen;NA;Klima;
24.04.2021;BL195s;Zaun_Kessel;Triturus;carnifex;FEM;0;Kessel innen;NA;Klima;
24.04.2021;BL195s;Zaun_Kessel;Triturus;carnifex;JUV;0;Kessel innen;NA;Klima;
25.04.2021;BL191;Zaun_Kessel;Triturus;carnifex;FEM;1;Kessel aussen;mitgenommen;Klima;
25.04.2021;BL191;Zaun_Kessel;Triturus;carnifex;JUV;1;Kessel aussen;mitgenommen;Klima;
25.04.2021;BL191;Zaun_Kessel;Triturus;carnifex;MAL;0;Kessel aussen;NA;Klima;
25.04.2021;BL198;Zaun_Kessel;Triturus;carnifex;MAL;0;Kessel aussen;NA;Klima;
25.04.2021;BL198;Zaun_Kessel;Triturus;carnifex;FEM;0;Kessel aussen;NA;Klima;
25.04.2021;BL198;Zaun_Kessel;Triturus;carnifex;JUV;0;Kessel aussen;NA;Klima;
25.04.2021;BL196;Zaun_Kessel;Triturus;carnifex;MAL;0;Kessel aussen;NA;Klima;
25.04.2021;BL196;Zaun_Kessel;Triturus;carnifex;FEM;0;Kessel aussen;NA;Klima;
25.04.2021;BL196;Zaun_Kessel;Triturus;carnifex;JUV;0;Kessel aussen;NA;Klima;
25.04.2021;BL195s;Zaun_Kessel;Triturus;carnifex;MAL;0;Kessel innen;NA;Klima;
25.04.2021;BL195s;Zaun_Kessel;Triturus;carnifex;FEM;0;Kessel innen;NA;Klima;
25.04.2021;BL195s;Zaun_Kessel;Triturus;carnifex;JUV;0;Kessel innen;NA;Klima;
26.04.2021;BL196;Zaun_Kessel;Triturus;carnifex;FEM;3;Kessel aussen;mitgenommen;Schäffler;
26.04.2021;BL191;Zaun_Kessel;Triturus;carnifex;MAL;0;Kessel aussen;NA;Schäffler;
26.04.2021;BL191;Zaun_Kessel;Triturus;carnifex;FEM;0;Kessel aussen;NA;Schäffler;
26.04.2021;BL191;Zaun_Kessel;Triturus;carnifex;JUV;0;Kessel aussen;NA;Schäffler;
26.04.2021;BL198;Zaun_Kessel;Triturus;carnifex;MAL;0;Kessel aussen;NA;Schäffler;
26.04.2021;BL198;Zaun_Kessel;Triturus;carnifex;FEM;0;Kessel aussen;NA;Schäffler;
26.04.2021;BL198;Zaun_Kessel;Triturus;carnifex;JUV;0;Kessel aussen;NA;Schäffler;
26.04.2021;BL196;Zaun_Kessel;Triturus;carnifex;JUV;0;Kessel aussen;NA;Schäffler;
26.04.2021;BL196;Zaun_Kessel;Triturus;carnifex;FEM;2;Kessel innen;mitgenommen;Schäffler;
26.04.2021;BL195s;Zaun_Kessel;Triturus;carnifex;MAL;0;Kessel innen;NA;Schäffler;
26.04.2021;BL195s;Zaun_Kessel;Triturus;carnifex;FEM;0;Kessel innen;NA;Schäffler;
26.04.2021;BL195s;Zaun_Kessel;Triturus;carnifex;JUV;0;Kessel innen;NA;Schäffler;
26.04.2021;BL196;Zaun_Kessel;Triturus;carnifex;MAL;1;Kessel innen;NA;Schäffler;entwischt
27.04.2021;BL191;Zaun_Kessel;Triturus;carnifex;MAL;0;Kessel aussen;NA;Schäffler;
27.04.2021;BL191;Zaun_Kessel;Triturus;carnifex;FEM;0;Kessel aussen;NA;Schäffler;
27.04.2021;BL191;Zaun_Kessel;Triturus;carnifex;JUV;0;Kessel aussen;NA;Schäffler;
27.04.2021;BL198;Zaun_Kessel;Triturus;carnifex;MAL;0;Kessel aussen;NA;Schäffler;
27.04.2021;BL198;Zaun_Kessel;Triturus;carnifex;FEM;0;Kessel aussen;NA;Schäffler;
27.04.2021;BL198;Zaun_Kessel;Triturus;carnifex;JUV;0;Kessel aussen;NA;Schäffler;
27.04.2021;BL196;Zaun_Kessel;Triturus;carnifex;MAL;0;Kessel aussen;NA;Schäffler;
27.04.2021;BL196;Zaun_Kessel;Triturus;carnifex;FEM;0;Kessel aussen;NA;Schäffler;
27.04.2021;BL196;Zaun_Kessel;Triturus;carnifex;JUV;0;Kessel aussen;NA;Schäffler;
27.04.2021;BL195s;Zaun_Kessel;Triturus;carnifex;MAL;0;Kessel innen;NA;Schäffler;
27.04.2021;BL195s;Zaun_Kessel;Triturus;carnifex;FEM;0;Kessel innen;NA;Schäffler;
27.04.2021;BL195s;Zaun_Kessel;Triturus;carnifex;JUV;0;Kessel innen;NA;Schäffler;
28.04.2021;BL196;Zaun_Kessel;Triturus;carnifex;FEM;2;Kessel aussen;mitgenommen;Schäffler;
28.04.2021;BL191;Zaun_Kessel;Triturus;carnifex;MAL;0;Kessel aussen;NA;Schäffler;
28.04.2021;BL191;Zaun_Kessel;Triturus;carnifex;FEM;0;Kessel aussen;NA;Schäffler;
28.04.2021;BL191;Zaun_Kessel;Triturus;carnifex;JUV;0;Kessel aussen;NA;Schäffler;
28.04.2021;BL198;Zaun_Kessel;Triturus;carnifex;MAL;0;Kessel aussen;NA;Schäffler;
28.04.2021;BL198;Zaun_Kessel;Triturus;carnifex;FEM;0;Kessel aussen;NA;Schäffler;
28.04.2021;BL198;Zaun_Kessel;Triturus;carnifex;JUV;0;Kessel aussen;NA;Schäffler;
28.04.2021;BL196;Zaun_Kessel;Triturus;carnifex;MAL;0;Kessel aussen;NA;Schäffler;
28.04.2021;BL196;Zaun_Kessel;Triturus;carnifex;JUV;0;Kessel aussen;NA;Schäffler;
28.04.2021;BL195s;Zaun_Kessel;Triturus;carnifex;MAL;0;Kessel innen;NA;Schäffler;Hand bedeckt scan
28.04.2021;BL195s;Zaun_Kessel;Triturus;carnifex;FEM;0;Kessel innen;NA;Schäffler;Hand bedeckt scan
28.04.2021;BL195s;Zaun_Kessel;Triturus;carnifex;JUV;0;Kessel innen;NA;Schäffler;Hand bedeckt scan
28.04.2021;BL198;Zaun_Kessel;Triturus;carnifex;FEM;1;Kessel innen;NA;Schäffler;
29.04.2021;BL191;Zaun_Kessel;Triturus;carnifex;FEM;1;Kessel aussen;mitgenommen;Schäffler;
29.04.2021;BL198;Zaun_Kessel;Triturus;carnifex;FEM;2;Kessel aussen;mitgenommen;Schäffler;
29.04.2021;BL191;Zaun_Kessel;Triturus;carnifex;MAL;0;Kessel aussen;NA;Schäffler;
29.04.2021;BL191;Zaun_Kessel;Triturus;carnifex;JUV;0;Kessel aussen;NA;Schäffler;
29.04.2021;BL198;Zaun_Kessel;Triturus;carnifex;MAL;0;Kessel aussen;NA;Schäffler;
29.04.2021;BL198;Zaun_Kessel;Triturus;carnifex;JUV;0;Kessel aussen;NA;Schäffler;
29.04.2021;BL196;Zaun_Kessel;Triturus;carnifex;MAL;0;Kessel aussen;NA;Schäffler;
29.04.2021;BL196;Zaun_Kessel;Triturus;carnifex;FEM;0;Kessel aussen;NA;Schäffler;
29.04.2021;BL196;Zaun_Kessel;Triturus;carnifex;JUV;0;Kessel aussen;NA;Schäffler;
29.04.2021;BL198;Zaun_Kessel;Triturus;carnifex;FEM;3;Kessel innen;mitgenommen;Schäffler;
29.04.2021;BL195s;Zaun_Kessel;Triturus;carnifex;MAL;0;Kessel innen;NA;Schäffler;
29.04.2021;BL195s;Zaun_Kessel;Triturus;carnifex;FEM;0;Kessel innen;NA;Schäffler;
29.04.2021;BL195s;Zaun_Kessel;Triturus;carnifex;JUV;0;Kessel innen;NA;Schäffler;
30.04.2021;BL191;Zaun_Kessel;Triturus;carnifex;MAL;0;Kessel aussen;NA;Schäffler;
30.04.2021;BL191;Zaun_Kessel;Triturus;carnifex;FEM;0;Kessel aussen;NA;Schäffler;
30.04.2021;BL191;Zaun_Kessel;Triturus;carnifex;JUV;0;Kessel aussen;NA;Schäffler;
30.04.2021;BL198;Zaun_Kessel;Triturus;carnifex;MAL;0;Kessel aussen;NA;Schäffler;
30.04.2021;BL198;Zaun_Kessel;Triturus;carnifex;FEM;0;Kessel aussen;NA;Schäffler;
30.04.2021;BL198;Zaun_Kessel;Triturus;carnifex;JUV;0;Kessel aussen;NA;Schäffler;
30.04.2021;BL196;Zaun_Kessel;Triturus;carnifex;MAL;0;Kessel aussen;NA;Schäffler;
30.04.2021;BL196;Zaun_Kessel;Triturus;carnifex;FEM;0;Kessel aussen;NA;Schäffler;
30.04.2021;BL196;Zaun_Kessel;Triturus;carnifex;JUV;0;Kessel aussen;NA;Schäffler;
30.04.2021;BL195s;Zaun_Kessel;Triturus;carnifex;MAL;0;Kessel innen;NA;Schäffler;
30.04.2021;BL195s;Zaun_Kessel;Triturus;carnifex;FEM;0;Kessel innen;NA;Schäffler;
30.04.2021;BL195s;Zaun_Kessel;Triturus;carnifex;JUV;0;Kessel innen;NA;Schäffler;
01.05.2021;BL191;Zaun_Kessel;Triturus;carnifex;JUV;1;Kessel aussen;an Gewässer BL191;Ramseier, Schmidt;tot
01.05.2021;BL196;Zaun_Kessel;Triturus;carnifex;MAL;1;Kessel aussen;mitgenommen;Ramseier, Schmidt;
01.05.2021;BL198;Zaun_Kessel;Triturus;carnifex;FEM;2;Kessel aussen;mitgenommen;Ramseier, Schmidt;
01.05.2021;BL196;Zaun_Kessel;Triturus;carnifex;JUV;2;Kessel aussen;mitgenommen;Ramseier, Schmidt;
01.05.2021;BL196;Zaun_Kessel;Triturus;carnifex;FEM;4;Kessel aussen;mitgenommen;Ramseier, Schmidt;1 fem tot
01.05.2021;BL191;Zaun_Kessel;Triturus;carnifex;MAL;0;Kessel aussen;NA;Ramseier, Schmidt;
01.05.2021;BL191;Zaun_Kessel;Triturus;carnifex;FEM;0;Kessel aussen;NA;Ramseier, Schmidt;
01.05.2021;BL198;Zaun_Kessel;Triturus;carnifex;MAL;0;Kessel aussen;NA;Ramseier, Schmidt;
01.05.2021;BL198;Zaun_Kessel;Triturus;carnifex;JUV;0;Kessel aussen;NA;Ramseier, Schmidt;
01.05.2021;BL195s;Zaun_Kessel;Triturus;carnifex;MAL;0;Kessel innen;NA;Ramseier, Schmidt;
01.05.2021;BL195s;Zaun_Kessel;Triturus;carnifex;FEM;0;Kessel innen;NA;Ramseier, Schmidt;
01.05.2021;BL195s;Zaun_Kessel;Triturus;carnifex;JUV;0;Kessel innen;NA;Ramseier, Schmidt;
02.05.2021;BL198;Zaun_Kessel;Triturus;carnifex;MAL;1;Kessel aussen;an Gewässer BL198;Klima;
02.05.2021;BL196;Zaun_Kessel;Triturus;carnifex;MAL;2;Kessel aussen;mitgenommen;Klima;
02.05.2021;BL196;Zaun_Kessel;Triturus;carnifex;FEM;4;Kessel aussen;mitgenommen;Klima;
02.05.2021;BL191;Zaun_Kessel;Triturus;carnifex;MAL;0;Kessel aussen;NA;Klima;
02.05.2021;BL191;Zaun_Kessel;Triturus;carnifex;FEM;0;Kessel aussen;NA;Klima;
02.05.2021;BL191;Zaun_Kessel;Triturus;carnifex;JUV;0;Kessel aussen;NA;Klima;
02.05.2021;BL198;Zaun_Kessel;Triturus;carnifex;FEM;0;Kessel aussen;NA;Klima;
02.05.2021;BL198;Zaun_Kessel;Triturus;carnifex;JUV;0;Kessel aussen;NA;Klima;
02.05.2021;BL196;Zaun_Kessel;Triturus;carnifex;JUV;0;Kessel aussen;NA;Klima;
02.05.2021;BL198;Zaun_Kessel;Triturus;carnifex;FEM;2;Kessel innen;mitgenommen;Klima;
02.05.2021;BL195s;Zaun_Kessel;Triturus;carnifex;MAL;0;Kessel innen;NA;Klima;
02.05.2021;BL195s;Zaun_Kessel;Triturus;carnifex;FEM;0;Kessel innen;NA;Klima;
02.05.2021;BL195s;Zaun_Kessel;Triturus;carnifex;JUV;0;Kessel innen;NA;Klima;
03.05.2021;BL198;Zaun_Kessel;Triturus;carnifex;FEM;2;Kessel aussen;mitgenommen;Schäffler;
03.05.2021;BL191;Zaun_Kessel;Triturus;carnifex;MAL;0;Kessel aussen;NA;Schäffler;
03.05.2021;BL191;Zaun_Kessel;Triturus;carnifex;FEM;0;Kessel aussen;NA;Schäffler;
03.05.2021;BL191;Zaun_Kessel;Triturus;carnifex;JUV;0;Kessel aussen;NA;Schäffler;
03.05.2021;BL198;Zaun_Kessel;Triturus;carnifex;MAL;0;Kessel aussen;NA;Schäffler;
03.05.2021;BL198;Zaun_Kessel;Triturus;carnifex;JUV;0;Kessel aussen;NA;Schäffler;
03.05.2021;BL196;Zaun_Kessel;Triturus;carnifex;MAL;0;Kessel aussen;NA;Schäffler;
03.05.2021;BL196;Zaun_Kessel;Triturus;carnifex;FEM;0;Kessel aussen;NA;Schäffler;
03.05.2021;BL196;Zaun_Kessel;Triturus;carnifex;JUV;0;Kessel aussen;NA;Schäffler;
03.05.2021;BL195s;Zaun_Kessel;Triturus;carnifex;MAL;0;Kessel innen;NA;Schäffler;
03.05.2021;BL195s;Zaun_Kessel;Triturus;carnifex;FEM;0;Kessel innen;NA;Schäffler;
03.05.2021;BL195s;Zaun_Kessel;Triturus;carnifex;JUV;0;Kessel innen;NA;Schäffler;
04.05.2021;BL196;Zaun_Kessel;Triturus;carnifex;MAL;1;Kessel aussen;mitgenommen;Schäffler;
04.05.2021;BL196;Zaun_Kessel;Triturus;carnifex;FEM;1;Kessel aussen;mitgenommen;Schäffler;
04.05.2021;BL191;Zaun_Kessel;Triturus;carnifex;MAL;0;Kessel aussen;NA;Schäffler;
04.05.2021;BL191;Zaun_Kessel;Triturus;carnifex;FEM;0;Kessel aussen;NA;Schäffler;
04.05.2021;BL191;Zaun_Kessel;Triturus;carnifex;JUV;0;Kessel aussen;NA;Schäffler;
04.05.2021;BL198;Zaun_Kessel;Triturus;carnifex;MAL;0;Kessel aussen;NA;Schäffler;
04.05.2021;BL198;Zaun_Kessel;Triturus;carnifex;FEM;0;Kessel aussen;NA;Schäffler;
04.05.2021;BL198;Zaun_Kessel;Triturus;carnifex;JUV;0;Kessel aussen;NA;Schäffler;
04.05.2021;BL196;Zaun_Kessel;Triturus;carnifex;JUV;0;Kessel aussen;NA;Schäffler;
04.05.2021;BL198;Zaun_Kessel;Triturus;carnifex;FEM;1;Kessel innen;an Bach_Wald;Schäffler;
04.05.2021;BL195s;Zaun_Kessel;Triturus;carnifex;MAL;0;Kessel innen;NA;Schäffler;
04.05.2021;BL195s;Zaun_Kessel;Triturus;carnifex;FEM;0;Kessel innen;NA;Schäffler;
04.05.2021;BL195s;Zaun_Kessel;Triturus;carnifex;JUV;0;Kessel innen;NA;Schäffler;
05.05.2021;BL191;Zaun_Kessel;Triturus;carnifex;MAL;0;Kessel aussen;NA;Schäffler;
05.05.2021;BL191;Zaun_Kessel;Triturus;carnifex;FEM;0;Kessel aussen;NA;Schäffler;
05.05.2021;BL191;Zaun_Kessel;Triturus;carnifex;JUV;0;Kessel aussen;NA;Schäffler;
05.05.2021;BL198;Zaun_Kessel;Triturus;carnifex;FEM;0;Kessel aussen;NA;Schäffler;
05.05.2021;BL198;Zaun_Kessel;Triturus;carnifex;JUV;0;Kessel aussen;NA;Schäffler;
05.05.2021;BL196;Zaun_Kessel;Triturus;carnifex;MAL;0;Kessel aussen;NA;Schäffler;
05.05.2021;BL196;Zaun_Kessel;Triturus;carnifex;FEM;0;Kessel aussen;NA;Schäffler;
05.05.2021;BL196;Zaun_Kessel;Triturus;carnifex;JUV;0;Kessel aussen;NA;Schäffler;
05.05.2021;BL198;Zaun_Kessel;Triturus;carnifex;MAL;0;Kessel innen;NA;Schäffler;
05.05.2021;BL195s;Zaun_Kessel;Triturus;carnifex;MAL;0;Kessel innen;NA;Schäffler;
05.05.2021;BL195s;Zaun_Kessel;Triturus;carnifex;FEM;0;Kessel innen;NA;Schäffler;
05.05.2021;BL195s;Zaun_Kessel;Triturus;carnifex;JUV;0;Kessel innen;NA;Schäffler;
06.05.2021;BL191;Zaun_Kessel;Triturus;carnifex;MAL;0;Kessel aussen;NA;Schäffler;
06.05.2021;BL191;Zaun_Kessel;Triturus;carnifex;FEM;0;Kessel aussen;NA;Schäffler;
06.05.2021;BL191;Zaun_Kessel;Triturus;carnifex;JUV;0;Kessel aussen;NA;Schäffler;
06.05.2021;BL198;Zaun_Kessel;Triturus;carnifex;MAL;0;Kessel aussen;NA;Schäffler;
06.05.2021;BL198;Zaun_Kessel;Triturus;carnifex;FEM;0;Kessel aussen;NA;Schäffler;
06.05.2021;BL198;Zaun_Kessel;Triturus;carnifex;JUV;0;Kessel aussen;NA;Schäffler;
06.05.2021;BL196;Zaun_Kessel;Triturus;carnifex;MAL;0;Kessel aussen;NA;Schäffler;
06.05.2021;BL196;Zaun_Kessel;Triturus;carnifex;FEM;0;Kessel aussen;NA;Schäffler;
06.05.2021;BL196;Zaun_Kessel;Triturus;carnifex;JUV;0;Kessel aussen;NA;Schäffler;
06.05.2021;BL195s;Zaun_Kessel;Triturus;carnifex;MAL;0;Kessel innen;NA;Schäffler;
06.05.2021;BL195s;Zaun_Kessel;Triturus;carnifex;FEM;0;Kessel innen;NA;Schäffler;
06.05.2021;BL195s;Zaun_Kessel;Triturus;carnifex;JUV;0;Kessel innen;NA;Schäffler;
07.05.2021;BL191;Zaun_Kessel;Triturus;carnifex;MAL;0;Kessel aussen;NA;Schäffler;
07.05.2021;BL191;Zaun_Kessel;Triturus;carnifex;FEM;0;Kessel aussen;NA;Schäffler;
07.05.2021;BL191;Zaun_Kessel;Triturus;carnifex;JUV;0;Kessel aussen;NA;Schäffler;
07.05.2021;BL198;Zaun_Kessel;Triturus;carnifex;MAL;0;Kessel aussen;NA;Schäffler;
07.05.2021;BL198;Zaun_Kessel;Triturus;carnifex;FEM;0;Kessel aussen;NA;Schäffler;
07.05.2021;BL198;Zaun_Kessel;Triturus;carnifex;JUV;0;Kessel aussen;NA;Schäffler;
07.05.2021;BL196;Zaun_Kessel;Triturus;carnifex;MAL;0;Kessel aussen;NA;Schäffler;
07.05.2021;BL196;Zaun_Kessel;Triturus;carnifex;FEM;0;Kessel aussen;NA;Schäffler;
07.05.2021;BL196;Zaun_Kessel;Triturus;carnifex;JUV;0;Kessel aussen;NA;Schäffler;
07.05.2021;BL195s;Zaun_Kessel;Triturus;carnifex;MAL;0;Kessel innen;NA;Schäffler;
07.05.2021;BL195s;Zaun_Kessel;Triturus;carnifex;FEM;0;Kessel innen;NA;Schäffler;
07.05.2021;BL195s;Zaun_Kessel;Triturus;carnifex;JUV;0;Kessel innen;NA;Schäffler;
08.05.2021;BL195s;Zaun_Kessel;Triturus;carnifex;ADU;1;Kessel aussen;mitgenommen;Ramseier, Schmidt;Brett
08.05.2021;BL198;Zaun_Kessel;Triturus;carnifex;MAL;2;Kessel aussen;mitgenommen;Ramseier, Schmidt;
08.05.2021;BL198;Zaun_Kessel;Triturus;carnifex;JUV;2;Kessel aussen;mitgenommen;Ramseier, Schmidt;
08.05.2021;BL196;Zaun_Kessel;Triturus;carnifex;FEM;2;Kessel aussen;mitgenommen;Ramseier, Schmidt;
08.05.2021;BL196;Zaun_Kessel;Triturus;carnifex;JUV;2;Kessel aussen;mitgenommen;Ramseier, Schmidt;
08.05.2021;BL196;Zaun_Kessel;Triturus;carnifex;MAL;3;Kessel aussen;mitgenommen;Ramseier, Schmidt;
08.05.2021;BL198;Zaun_Kessel;Triturus;carnifex;FEM;13;Kessel aussen;mitgenommen;Ramseier, Schmidt;
08.05.2021;BL191;Zaun_Kessel;Triturus;carnifex;MAL;0;Kessel aussen;NA;Ramseier, Schmidt;
08.05.2021;BL191;Zaun_Kessel;Triturus;carnifex;FEM;0;Kessel aussen;NA;Ramseier, Schmidt;
08.05.2021;BL191;Zaun_Kessel;Triturus;carnifex;JUV;0;Kessel aussen;NA;Ramseier, Schmidt;
08.05.2021;BL198;Zaun_Kessel;Triturus;carnifex;JUV;1;Kessel innen;mitgenommen;Ramseier, Schmidt;
08.05.2021;BL198;Zaun_Kessel;Triturus;carnifex;FEM;2;Kessel innen;mitgenommen;Ramseier, Schmidt;
08.05.2021;BL196;Zaun_Kessel;Triturus;carnifex;FEM;2;Kessel innen;mitgenommen;Ramseier, Schmidt;
08.05.2021;BL198;Zaun_Kessel;Triturus;carnifex;MAL;4;Kessel innen;mitgenommen;Ramseier, Schmidt;
08.05.2021;BL195s;Zaun_Kessel;Triturus;carnifex;MAL;0;Kessel innen;NA;Ramseier, Schmidt;
08.05.2021;BL195s;Zaun_Kessel;Triturus;carnifex;FEM;0;Kessel innen;NA;Ramseier, Schmidt;
08.05.2021;BL195s;Zaun_Kessel;Triturus;carnifex;JUV;0;Kessel innen;NA;Ramseier, Schmidt;
09.05.2021;BL198;Zaun_Kessel;Triturus;carnifex;JUV;1;Kessel aussen;mitgenommen;Ramseier, Schmidt;
09.05.2021;BL196;Zaun_Kessel;Triturus;carnifex;FEM;1;Kessel aussen;mitgenommen;Ramseier, Schmidt;
09.05.2021;BL198;Zaun_Kessel;Triturus;carnifex;FEM;3;Kessel aussen;mitgenommen;Ramseier, Schmidt;
09.05.2021;BL191;Zaun_Kessel;Triturus;carnifex;MAL;0;Kessel aussen;NA;Ramseier, Schmidt;
09.05.2021;BL191;Zaun_Kessel;Triturus;carnifex;FEM;0;Kessel aussen;NA;Ramseier, Schmidt;
09.05.2021;BL191;Zaun_Kessel;Triturus;carnifex;JUV;0;Kessel aussen;NA;Ramseier, Schmidt;
09.05.2021;BL198;Zaun_Kessel;Triturus;carnifex;MAL;0;Kessel aussen;NA;Ramseier, Schmidt;
09.05.2021;BL196;Zaun_Kessel;Triturus;carnifex;MAL;0;Kessel aussen;NA;Ramseier, Schmidt;
09.05.2021;BL196;Zaun_Kessel;Triturus;carnifex;JUV;0;Kessel aussen;NA;Ramseier, Schmidt;
09.05.2021;BL191;Zaun_Kessel;Triturus;carnifex;FEM;1;Kessel innen;mitgenommen;Ramseier, Schmidt;
09.05.2021;BL195s;Zaun_Kessel;Triturus;carnifex;MAL;0;Kessel innen;NA;Ramseier, Schmidt;
09.05.2021;BL195s;Zaun_Kessel;Triturus;carnifex;FEM;0;Kessel innen;NA;Ramseier, Schmidt;
09.05.2021;BL195s;Zaun_Kessel;Triturus;carnifex;JUV;0;Kessel innen;NA;Ramseier, Schmidt;
10.05.2021;BL191;Zaun_Kessel;Triturus;carnifex;MAL;0;Kessel aussen;NA;Schäffler;
10.05.2021;BL191;Zaun_Kessel;Triturus;carnifex;FEM;0;Kessel aussen;NA;Schäffler;
10.05.2021;BL191;Zaun_Kessel;Triturus;carnifex;JUV;0;Kessel aussen;NA;Schäffler;
10.05.2021;BL198;Zaun_Kessel;Triturus;carnifex;MAL;0;Kessel aussen;NA;Schäffler;
10.05.2021;BL198;Zaun_Kessel;Triturus;carnifex;FEM;0;Kessel aussen;NA;Schäffler;
10.05.2021;BL198;Zaun_Kessel;Triturus;carnifex;JUV;0;Kessel aussen;NA;Schäffler;
10.05.2021;BL196;Zaun_Kessel;Triturus;carnifex;MAL;0;Kessel aussen;NA;Schäffler;
10.05.2021;BL196;Zaun_Kessel;Triturus;carnifex;FEM;0;Kessel aussen;NA;Schäffler;
10.05.2021;BL196;Zaun_Kessel;Triturus;carnifex;JUV;0;Kessel aussen;NA;Schäffler;
10.05.2021;BL195s;Zaun_Kessel;Triturus;carnifex;MAL;0;Kessel innen;NA;Schäffler;
10.05.2021;BL195s;Zaun_Kessel;Triturus;carnifex;FEM;0;Kessel innen;NA;Schäffler;
10.05.2021;BL195s;Zaun_Kessel;Triturus;carnifex;JUV;0;Kessel innen;NA;Schäffler;
11.05.2021;BL196;Zaun_Kessel;Triturus;carnifex;MAL;1;Kessel aussen;mitgenommen;Schäffler;
11.05.2021;BL196;Zaun_Kessel;Triturus;carnifex;FEM;2;Kessel aussen;mitgenommen;Schäffler;
11.05.2021;BL191;Zaun_Kessel;Triturus;carnifex;MAL;0;Kessel aussen;NA;Schäffler;
11.05.2021;BL191;Zaun_Kessel;Triturus;carnifex;FEM;0;Kessel aussen;NA;Schäffler;
11.05.2021;BL191;Zaun_Kessel;Triturus;carnifex;JUV;0;Kessel aussen;NA;Schäffler;
11.05.2021;BL198;Zaun_Kessel;Triturus;carnifex;MAL;0;Kessel aussen;NA;Schäffler;
11.05.2021;BL198;Zaun_Kessel;Triturus;carnifex;FEM;0;Kessel aussen;NA;Schäffler;
11.05.2021;BL198;Zaun_Kessel;Triturus;carnifex;JUV;0;Kessel aussen;NA;Schäffler;
11.05.2021;BL196;Zaun_Kessel;Triturus;carnifex;JUV;0;Kessel aussen;NA;Schäffler;
11.05.2021;BL195s;Zaun_Kessel;Triturus;carnifex;MAL;0;Kessel innen;NA;Schäffler;
11.05.2021;BL195s;Zaun_Kessel;Triturus;carnifex;FEM;0;Kessel innen;NA;Schäffler;
11.05.2021;BL195s;Zaun_Kessel;Triturus;carnifex;JUV;0;Kessel innen;NA;Schäffler;
12.05.2021;BL191;Zaun_Kessel;Triturus;carnifex;MAL;0;Kessel aussen;NA;Schäffler;
12.05.2021;BL191;Zaun_Kessel;Triturus;carnifex;FEM;0;Kessel aussen;NA;Schäffler;
12.05.2021;BL191;Zaun_Kessel;Triturus;carnifex;JUV;0;Kessel aussen;NA;Schäffler;
12.05.2021;BL198;Zaun_Kessel;Triturus;carnifex;MAL;0;Kessel aussen;NA;Schäffler;
12.05.2021;BL198;Zaun_Kessel;Triturus;carnifex;FEM;0;Kessel aussen;NA;Schäffler;
12.05.2021;BL198;Zaun_Kessel;Triturus;carnifex;JUV;0;Kessel aussen;NA;Schäffler;
12.05.2021;BL196;Zaun_Kessel;Triturus;carnifex;MAL;0;Kessel aussen;NA;Schäffler;
12.05.2021;BL196;Zaun_Kessel;Triturus;carnifex;FEM;0;Kessel aussen;NA;Schäffler;
12.05.2021;BL196;Zaun_Kessel;Triturus;carnifex;JUV;0;Kessel aussen;NA;Schäffler;
12.05.2021;BL195s;Zaun_Kessel;Triturus;carnifex;MAL;0;Kessel innen;NA;Schäffler;
12.05.2021;BL195s;Zaun_Kessel;Triturus;carnifex;FEM;0;Kessel innen;NA;Schäffler;
12.05.2021;BL195s;Zaun_Kessel;Triturus;carnifex;JUV;0;Kessel innen;NA;Schäffler;
13.05.2021;BL198;Zaun_Kessel;Triturus;carnifex;MAL;3;Kessel aussen;mitgenommen;Ramseier, Schmidt;
13.05.2021;BL198;Zaun_Kessel;Triturus;carnifex;JUV;3;Kessel aussen;mitgenommen;Ramseier, Schmidt;
13.05.2021;BL196;Zaun_Kessel;Triturus;carnifex;FEM;3;Kessel aussen;mitgenommen;Ramseier, Schmidt;
13.05.2021;BL198;Zaun_Kessel;Triturus;carnifex;FEM;9;Kessel aussen;mitgenommen;Ramseier, Schmidt;
13.05.2021;BL191;Zaun_Kessel;Triturus;carnifex;MAL;0;Kessel aussen;NA;Ramseier, Schmidt;
13.05.2021;BL191;Zaun_Kessel;Triturus;carnifex;FEM;0;Kessel aussen;NA;Ramseier, Schmidt;
13.05.2021;BL191;Zaun_Kessel;Triturus;carnifex;JUV;0;Kessel aussen;NA;Ramseier, Schmidt;
13.05.2021;BL196;Zaun_Kessel;Triturus;carnifex;MAL;0;Kessel aussen;NA;Ramseier, Schmidt;
13.05.2021;BL196;Zaun_Kessel;Triturus;carnifex;JUV;0;Kessel aussen;NA;Ramseier, Schmidt;
13.05.2021;BL198;Zaun_Kessel;Triturus;carnifex;FEM;1;Kessel innen;mitgenommen;Ramseier, Schmidt;
13.05.2021;BL195s;Zaun_Kessel;Triturus;carnifex;MAL;0;Kessel innen;NA;Ramseier, Schmidt;
13.05.2021;BL195s;Zaun_Kessel;Triturus;carnifex;FEM;0;Kessel innen;NA;Ramseier, Schmidt;
13.05.2021;BL195s;Zaun_Kessel;Triturus;carnifex;JUV;0;Kessel innen;NA;Ramseier, Schmidt;
14.05.2021;BL198;Zaun_Kessel;Triturus;carnifex;MAL;1;Kessel aussen;mitgenommen;Ramseier;
14.05.2021;BL198;Zaun_Kessel;Triturus;carnifex;FEM;2;Kessel aussen;mitgenommen;Ramseier;
14.05.2021;BL198;Zaun_Kessel;Triturus;carnifex;JUV;0;Kessel aussen;NA;Ramseier;
14.05.2021;BL191;Zaun_Kessel;Triturus;carnifex;MAL;0;Kessel aussen;NA;Ramseier;
14.05.2021;BL191;Zaun_Kessel;Triturus;carnifex;FEM;0;Kessel aussen;NA;Ramseier;
14.05.2021;BL191;Zaun_Kessel;Triturus;carnifex;JUV;0;Kessel aussen;NA;Ramseier;
14.05.2021;BL196;Zaun_Kessel;Triturus;carnifex;MAL;0;Kessel aussen;NA;Ramseier;
14.05.2021;BL196;Zaun_Kessel;Triturus;carnifex;FEM;0;Kessel aussen;NA;Ramseier;
14.05.2021;BL196;Zaun_Kessel;Triturus;carnifex;JUV;0;Kessel aussen;NA;Ramseier;
14.05.2021;BL195s;Zaun_Kessel;Triturus;carnifex;MAL;0;Kessel innen;NA;Ramseier;
14.05.2021;BL195s;Zaun_Kessel;Triturus;carnifex;FEM;0;Kessel innen;NA;Ramseier;
14.05.2021;BL195s;Zaun_Kessel;Triturus;carnifex;JUV;0;Kessel innen;NA;Ramseier;
15.05.2021;BL196;Zaun_Kessel;Triturus;carnifex;FEM;1;Kessel innen;mitgenommen;Klima;Zaun innen
15.05.2021;BL191;Zaun_Kessel;Triturus;carnifex;FEM;1;Kessel aussen;mitgenommen;Klima;
15.05.2021;BL196;Zaun_Kessel;Triturus;carnifex;FEM;1;Kessel aussen;mitgenommen;Klima;
15.05.2021;BL191;Zaun_Kessel;Triturus;carnifex;MAL;0;Kessel aussen;NA;Klima;
15.05.2021;BL191;Zaun_Kessel;Triturus;carnifex;JUV;0;Kessel aussen;NA;Klima;
15.05.2021;BL198;Zaun_Kessel;Triturus;carnifex;MAL;0;Kessel aussen;NA;Klima;
15.05.2021;BL198;Zaun_Kessel;Triturus;carnifex;FEM;0;Kessel aussen;NA;Klima;
15.05.2021;BL198;Zaun_Kessel;Triturus;carnifex;JUV;0;Kessel aussen;NA;Klima;
15.05.2021;BL196;Zaun_Kessel;Triturus;carnifex;MAL;0;Kessel aussen;NA;Klima;
15.05.2021;BL196;Zaun_Kessel;Triturus;carnifex;FEM;0;Kessel aussen;NA;Klima;
15.05.2021;BL195s;Zaun_Kessel;Triturus;carnifex;MAL;0;Kessel innen;NA;Klima;
15.05.2021;BL195s;Zaun_Kessel;Triturus;carnifex;FEM;0;Kessel innen;NA;Klima;
15.05.2021;BL195s;Zaun_Kessel;Triturus;carnifex;JUV;0;Kessel innen;NA;Klima;
16.05.2021;BL198;Zaun_Kessel;Triturus;carnifex;JUV;1;Kessel aussen;mitgenommen;Klima;
16.05.2021;BL196;Zaun_Kessel;Triturus;carnifex;FEM;1;Kessel aussen;mitgenommen;Klima;
16.05.2021;BL191;Zaun_Kessel;Triturus;carnifex;MAL;0;Kessel aussen;NA;Klima;
16.05.2021;BL191;Zaun_Kessel;Triturus;carnifex;FEM;0;Kessel aussen;NA;Klima;
16.05.2021;BL191;Zaun_Kessel;Triturus;carnifex;JUV;0;Kessel aussen;NA;Klima;
16.05.2021;BL198;Zaun_Kessel;Triturus;carnifex;MAL;0;Kessel aussen;NA;Klima;
16.05.2021;BL198;Zaun_Kessel;Triturus;carnifex;FEM;0;Kessel aussen;NA;Klima;
16.05.2021;BL196;Zaun_Kessel;Triturus;carnifex;MAL;0;Kessel aussen;NA;Klima;
16.05.2021;BL196;Zaun_Kessel;Triturus;carnifex;JUV;0;Kessel aussen;NA;Klima;
16.05.2021;BL195s;Zaun_Kessel;Triturus;carnifex;MAL;0;Kessel innen;NA;Klima;
16.05.2021;BL195s;Zaun_Kessel;Triturus;carnifex;FEM;0;Kessel innen;NA;Klima;
16.05.2021;BL195s;Zaun_Kessel;Triturus;carnifex;JUV;0;Kessel innen;NA;Klima;
17.05.2021;BL198;Zaun_Kessel;Triturus;carnifex;ADU;2;Kessel aussen;mitgenommen;Schäffler;
17.05.2021;BL196;Zaun_Kessel;Triturus;carnifex;ADU;1;Kessel aussen;mitgenommen;Schäffler;
17.05.2021;BL191;Zaun_Kessel;Triturus;carnifex;MAL;0;Kessel aussen;NA;Schäffler;
17.05.2021;BL191;Zaun_Kessel;Triturus;carnifex;FEM;0;Kessel aussen;NA;Schäffler;
17.05.2021;BL191;Zaun_Kessel;Triturus;carnifex;JUV;0;Kessel aussen;NA;Schäffler;
17.05.2021;BL198;Zaun_Kessel;Triturus;carnifex;JUV;0;Kessel aussen;NA;Schäffler;
17.05.2021;BL196;Zaun_Kessel;Triturus;carnifex;JUV;0;Kessel aussen;NA;Schäffler;
17.05.2021;BL195s;Zaun_Kessel;Triturus;carnifex;MAL;0;Kessel innen;NA;Schäffler;
17.05.2021;BL195s;Zaun_Kessel;Triturus;carnifex;FEM;0;Kessel innen;NA;Schäffler;
17.05.2021;BL195s;Zaun_Kessel;Triturus;carnifex;JUV;0;Kessel innen;NA;Schäffler;
18.05.2021;BL196;Zaun_Kessel;Triturus;carnifex;ADU;1;Kessel aussen;mitgenommen;Schäffler;
18.05.2021;BL191;Zaun_Kessel;Triturus;carnifex;MAL;0;Kessel aussen;NA;Schäffler;
18.05.2021;BL191;Zaun_Kessel;Triturus;carnifex;FEM;0;Kessel aussen;NA;Schäffler;
18.05.2021;BL191;Zaun_Kessel;Triturus;carnifex;JUV;0;Kessel aussen;NA;Schäffler;
18.05.2021;BL198;Zaun_Kessel;Triturus;carnifex;MAL;0;Kessel aussen;NA;Schäffler;
18.05.2021;BL198;Zaun_Kessel;Triturus;carnifex;FEM;0;Kessel aussen;NA;Schäffler;
18.05.2021;BL198;Zaun_Kessel;Triturus;carnifex;JUV;0;Kessel aussen;NA;Schäffler;
18.05.2021;BL196;Zaun_Kessel;Triturus;carnifex;JUV;0;Kessel aussen;NA;Schäffler;
18.05.2021;BL195s;Zaun_Kessel;Triturus;carnifex;MAL;0;Kessel innen;NA;Schäffler;
18.05.2021;BL195s;Zaun_Kessel;Triturus;carnifex;FEM;0;Kessel innen;NA;Schäffler;
18.05.2021;BL195s;Zaun_Kessel;Triturus;carnifex;JUV;0;Kessel innen;NA;Schäffler;
19.05.2021;BL191;Zaun_Kessel;Triturus;carnifex;MAL;0;Kessel aussen;NA;Schäffler;
19.05.2021;BL191;Zaun_Kessel;Triturus;carnifex;FEM;0;Kessel aussen;NA;Schäffler;
19.05.2021;BL191;Zaun_Kessel;Triturus;carnifex;JUV;0;Kessel aussen;NA;Schäffler;
19.05.2021;BL198;Zaun_Kessel;Triturus;carnifex;MAL;0;Kessel aussen;NA;Schäffler;
19.05.2021;BL198;Zaun_Kessel;Triturus;carnifex;FEM;0;Kessel aussen;NA;Schäffler;
19.05.2021;BL198;Zaun_Kessel;Triturus;carnifex;JUV;0;Kessel aussen;NA;Schäffler;
19.05.2021;BL196;Zaun_Kessel;Triturus;carnifex;MAL;0;Kessel aussen;NA;Schäffler;
19.05.2021;BL196;Zaun_Kessel;Triturus;carnifex;FEM;0;Kessel aussen;NA;Schäffler;
19.05.2021;BL196;Zaun_Kessel;Triturus;carnifex;JUV;0;Kessel aussen;NA;Schäffler;
19.05.2021;BL195s;Zaun_Kessel;Triturus;carnifex;MAL;0;Kessel innen;NA;Schäffler;
19.05.2021;BL195s;Zaun_Kessel;Triturus;carnifex;FEM;0;Kessel innen;NA;Schäffler;
19.05.2021;BL195s;Zaun_Kessel;Triturus;carnifex;JUV;0;Kessel innen;NA;Schäffler;
20.05.2021;BL191;Zaun_Kessel;Triturus;carnifex;MAL;0;Kessel aussen;NA;Schäffler;
20.05.2021;BL191;Zaun_Kessel;Triturus;carnifex;FEM;0;Kessel aussen;NA;Schäffler;
20.05.2021;BL191;Zaun_Kessel;Triturus;carnifex;JUV;0;Kessel aussen;NA;Schäffler;
20.05.2021;BL198;Zaun_Kessel;Triturus;carnifex;MAL;0;Kessel aussen;NA;Schäffler;
20.05.2021;BL198;Zaun_Kessel;Triturus;carnifex;FEM;0;Kessel aussen;NA;Schäffler;
20.05.2021;BL198;Zaun_Kessel;Triturus;carnifex;JUV;0;Kessel aussen;NA;Schäffler;
20.05.2021;BL196;Zaun_Kessel;Triturus;carnifex;MAL;0;Kessel aussen;NA;Schäffler;
20.05.2021;BL196;Zaun_Kessel;Triturus;carnifex;FEM;0;Kessel aussen;NA;Schäffler;
20.05.2021;BL196;Zaun_Kessel;Triturus;carnifex;JUV;0;Kessel aussen;NA;Schäffler;
20.05.2021;BL195s;Zaun_Kessel;Triturus;carnifex;MAL;0;Kessel innen;NA;Schäffler;
20.05.2021;BL195s;Zaun_Kessel;Triturus;carnifex;FEM;0;Kessel innen;NA;Schäffler;
20.05.2021;BL195s;Zaun_Kessel;Triturus;carnifex;JUV;0;Kessel innen;NA;Schäffler;
21.05.2021;BL196;Zaun_Kessel;Triturus;carnifex;ADU;0;Kessel aussen;NA;Schäffler;Protokoll fehlt, keine KM gefunden.
21.05.2021;BL197;Zaun_Kessel;Triturus;carnifex;ADU;0;Kessel aussen;NA;Schäffler;Protokoll fehlt, keine KM gefunden.
21.05.2021;BL198;Zaun_Kessel;Triturus;carnifex;ADU;0;Kessel aussen;NA;Schäffler;Protokoll fehlt, keine KM gefunden.
21.05.2021;BL191;Zaun_Kessel;Triturus;carnifex;ADU;0;Kessel aussen;NA;Schäffler;Protokoll fehlt, keine KM gefunden.
21.05.2021;BL195s;Zaun_Kessel;Triturus;carnifex;ADU;0;Kessel innen;NA;Schäffler;Protokoll fehlt, keine KM gefunden.
22.05.2021;BL191;Zaun_Kessel;Triturus;carnifex;FEM;1;Kessel aussen;mitgenommen;Ramseier;
22.05.2021;BL198;Zaun_Kessel;Triturus;carnifex;MAL;1;Kessel aussen;mitgenommen;Ramseier;
22.05.2021;BL198;Zaun_Kessel;Triturus;carnifex;FEM;1;Kessel aussen;mitgenommen;Ramseier;
22.05.2021;BL191;Zaun_Kessel;Triturus;carnifex;MAL;0;Kessel aussen;NA;Ramseier;
22.05.2021;BL191;Zaun_Kessel;Triturus;carnifex;JUV;0;Kessel aussen;NA;Ramseier;
22.05.2021;BL198;Zaun_Kessel;Triturus;carnifex;JUV;0;Kessel aussen;NA;Ramseier;
22.05.2021;BL196;Zaun_Kessel;Triturus;carnifex;MAL;0;Kessel aussen;NA;Ramseier;
22.05.2021;BL196;Zaun_Kessel;Triturus;carnifex;FEM;0;Kessel aussen;NA;Ramseier;
22.05.2021;BL196;Zaun_Kessel;Triturus;carnifex;JUV;0;Kessel aussen;NA;Ramseier;
22.05.2021;BL198;Zaun_Kessel;Triturus;carnifex;MAL;1;Kessel innen;mitgenommen;Ramseier;
22.05.2021;BL195s;Zaun_Kessel;Triturus;carnifex;MAL;0;Kessel innen;NA;Ramseier;
22.05.2021;BL195s;Zaun_Kessel;Triturus;carnifex;FEM;0;Kessel innen;NA;Ramseier;
22.05.2021;BL195s;Zaun_Kessel;Triturus;carnifex;JUV;0;Kessel innen;NA;Ramseier;
23.05.2021;BL198;Zaun_Kessel;Triturus;carnifex;FEM;1;Kessel aussen;mitgenommen;Ramseier;
23.05.2021;BL191;Zaun_Kessel;Triturus;carnifex;MAL;0;Kessel aussen;NA;Ramseier;
23.05.2021;BL191;Zaun_Kessel;Triturus;carnifex;FEM;0;Kessel aussen;NA;Ramseier;
23.05.2021;BL191;Zaun_Kessel;Triturus;carnifex;JUV;0;Kessel aussen;NA;Ramseier;
23.05.2021;BL198;Zaun_Kessel;Triturus;carnifex;MAL;0;Kessel aussen;NA;Ramseier;
23.05.2021;BL198;Zaun_Kessel;Triturus;carnifex;JUV;0;Kessel aussen;NA;Ramseier;
23.05.2021;BL196;Zaun_Kessel;Triturus;carnifex;MAL;0;Kessel aussen;NA;Ramseier;
23.05.2021;BL196;Zaun_Kessel;Triturus;carnifex;FEM;0;Kessel aussen;NA;Ramseier;
23.05.2021;BL196;Zaun_Kessel;Triturus;carnifex;JUV;0;Kessel aussen;NA;Ramseier;
23.05.2021;BL195s;Zaun_Kessel;Triturus;carnifex;MAL;0;Kessel innen;NA;Ramseier;
23.05.2021;BL195s;Zaun_Kessel;Triturus;carnifex;FEM;0;Kessel innen;NA;Ramseier;
23.05.2021;BL195s;Zaun_Kessel;Triturus;carnifex;JUV;0;Kessel innen;NA;Ramseier;
24.05.2021;BL191;Zaun_Kessel;Triturus;carnifex;MAL;0;Kessel aussen;NA;Ramseier;
24.05.2021;BL191;Zaun_Kessel;Triturus;carnifex;FEM;0;Kessel aussen;NA;Ramseier;
24.05.2021;BL191;Zaun_Kessel;Triturus;carnifex;JUV;0;Kessel aussen;NA;Ramseier;
24.05.2021;BL198;Zaun_Kessel;Triturus;carnifex;MAL;0;Kessel aussen;NA;Ramseier;
24.05.2021;BL198;Zaun_Kessel;Triturus;carnifex;FEM;0;Kessel aussen;NA;Ramseier;
24.05.2021;BL198;Zaun_Kessel;Triturus;carnifex;JUV;0;Kessel aussen;NA;Ramseier;
24.05.2021;BL196;Zaun_Kessel;Triturus;carnifex;MAL;0;Kessel aussen;NA;Ramseier;
24.05.2021;BL196;Zaun_Kessel;Triturus;carnifex;FEM;0;Kessel aussen;NA;Ramseier;
24.05.2021;BL196;Zaun_Kessel;Triturus;carnifex;JUV;0;Kessel aussen;NA;Ramseier;
24.05.2021;BL195s;Zaun_Kessel;Triturus;carnifex;MAL;0;Kessel innen;NA;Ramseier;
24.05.2021;BL195s;Zaun_Kessel;Triturus;carnifex;FEM;0;Kessel innen;NA;Ramseier;
24.05.2021;BL195s;Zaun_Kessel;Triturus;carnifex;JUV;0;Kessel innen;NA;Ramseier;
25.05.2021;BL196;Zaun_Kessel;Triturus;carnifex;ADU;0;Kessel aussen;NA;Schäffler;Protokoll fehlt, keine KM gefunden.
25.05.2021;BL197;Zaun_Kessel;Triturus;carnifex;ADU;0;Kessel aussen;NA;Schäffler;Protokoll fehlt, keine KM gefunden.
25.05.2021;BL198;Zaun_Kessel;Triturus;carnifex;ADU;0;Kessel aussen;NA;Schäffler;Protokoll fehlt, keine KM gefunden.
25.05.2021;BL191;Zaun_Kessel;Triturus;carnifex;ADU;0;Kessel aussen;NA;Schäffler;Protokoll fehlt, keine KM gefunden.
25.05.2021;BL195s;Zaun_Kessel;Triturus;carnifex;ADU;0;Kessel innen;NA;Schäffler;Protokoll fehlt, keine KM gefunden.
26.05.2021;BL191;Zaun_Kessel;Triturus;carnifex;MAL;0;Kessel aussen;NA;Reissner;Protokoll Gew BL191 fehlt
26.05.2021;BL191;Zaun_Kessel;Triturus;carnifex;FEM;0;Kessel aussen;NA;Reissner;Protokoll Gew BL191 fehlt
26.05.2021;BL191;Zaun_Kessel;Triturus;carnifex;JUV;0;Kessel aussen;NA;Reissner;Protokoll Gew BL191 fehlt
26.05.2021;BL198;Zaun_Kessel;Triturus;carnifex;MAL;0;Kessel aussen;NA;Reissner;
26.05.2021;BL198;Zaun_Kessel;Triturus;carnifex;FEM;0;Kessel aussen;NA;Reissner;
26.05.2021;BL198;Zaun_Kessel;Triturus;carnifex;JUV;0;Kessel aussen;NA;Reissner;
26.05.2021;BL196;Zaun_Kessel;Triturus;carnifex;MAL;0;Kessel aussen;NA;Reissner;
26.05.2021;BL196;Zaun_Kessel;Triturus;carnifex;FEM;0;Kessel aussen;NA;Reissner;
26.05.2021;BL196;Zaun_Kessel;Triturus;carnifex;JUV;0;Kessel aussen;NA;Reissner;
26.05.2021;BL195s;Zaun_Kessel;Triturus;carnifex;MAL;0;Kessel innen;NA;Reissner;Protokoll Gew BL195 fehlt
26.05.2021;BL195s;Zaun_Kessel;Triturus;carnifex;FEM;0;Kessel innen;NA;Reissner;Protokoll Gew BL195 fehlt
26.05.2021;BL195s;Zaun_Kessel;Triturus;carnifex;JUV;0;Kessel innen;NA;Reissner;Protokoll Gew BL195 fehlt
27.05.2021;BL191;Zaun_Kessel;Triturus;carnifex;MAL;0;Kessel aussen;NA;Klima;
27.05.2021;BL191;Zaun_Kessel;Triturus;carnifex;FEM;0;Kessel aussen;NA;Klima;
27.05.2021;BL191;Zaun_Kessel;Triturus;carnifex;JUV;0;Kessel aussen;NA;Klima;
27.05.2021;BL198;Zaun_Kessel;Triturus;carnifex;MAL;0;Kessel aussen;NA;Klima;
27.05.2021;BL198;Zaun_Kessel;Triturus;carnifex;FEM;0;Kessel aussen;NA;Klima;
27.05.2021;BL198;Zaun_Kessel;Triturus;carnifex;JUV;0;Kessel aussen;NA;Klima;
27.05.2021;BL196;Zaun_Kessel;Triturus;carnifex;MAL;0;Kessel aussen;NA;Klima;
27.05.2021;BL196;Zaun_Kessel;Triturus;carnifex;FEM;0;Kessel aussen;NA;Klima;
27.05.2021;BL196;Zaun_Kessel;Triturus;carnifex;JUV;0;Kessel aussen;NA;Klima;
27.05.2021;BL195s;Zaun_Kessel;Triturus;carnifex;MAL;0;Kessel innen;NA;Klima;
27.05.2021;BL195s;Zaun_Kessel;Triturus;carnifex;FEM;0;Kessel innen;NA;Klima;
27.05.2021;BL195s;Zaun_Kessel;Triturus;carnifex;JUV;0;Kessel innen;NA;Klima;
28.05.2021;BL191;Zaun_Kessel;Triturus;carnifex;MAL;0;Kessel aussen;NA;Klima;
28.05.2021;BL191;Zaun_Kessel;Triturus;carnifex;FEM;0;Kessel aussen;NA;Klima;
28.05.2021;BL191;Zaun_Kessel;Triturus;carnifex;JUV;0;Kessel aussen;NA;Klima;
28.05.2021;BL198;Zaun_Kessel;Triturus;carnifex;MAL;0;Kessel aussen;NA;Klima;
28.05.2021;BL198;Zaun_Kessel;Triturus;carnifex;FEM;0;Kessel aussen;NA;Klima;
28.05.2021;BL198;Zaun_Kessel;Triturus;carnifex;JUV;0;Kessel aussen;NA;Klima;
28.05.2021;BL196;Zaun_Kessel;Triturus;carnifex;MAL;0;Kessel aussen;NA;Klima;
28.05.2021;BL196;Zaun_Kessel;Triturus;carnifex;FEM;0;Kessel aussen;NA;Klima;
28.05.2021;BL196;Zaun_Kessel;Triturus;carnifex;JUV;0;Kessel aussen;NA;Klima;
28.05.2021;BL195s;Zaun_Kessel;Triturus;carnifex;MAL;0;Kessel innen;NA;Klima;
28.05.2021;BL195s;Zaun_Kessel;Triturus;carnifex;FEM;0;Kessel innen;NA;Klima;
28.05.2021;BL195s;Zaun_Kessel;Triturus;carnifex;JUV;0;Kessel innen;NA;Klima;
